first_name,last_name,email,gender
Devy,Cook,dcook0@typepad.com,Male
Lavena,Madison,lmadison1@webmd.com,Female
Tab,Mundle,tmundle2@gov.uk,Male
Wiley,Rollin,wrollin3@kickstarter.com,Male
Geoffrey,Templeton,gtempleton4@edublogs.org,Male
Tonye,Wehner,twehner5@techcrunch.com,Female
Elianora,Pioli,epioli6@mozilla.com,Female
Godfree,O'Connell,goconnell7@gravatar.com,Male
Jefferey,Cottu,jcottu8@pen.io,Male
Bay,Demkowicz,bdemkowicz9@desdev.cn,Male
Gideon,Pedley,gpedleya@hud.gov,Male
Agata,Zucker,azuckerb@home.pl,Female
Reina,Jaycox,rjaycoxc@economist.com,Female
Chiquia,Merle,cmerled@ihg.com,Female
Ward,Castaneda,wcastanedae@va.gov,Agender
Waldemar,Leyban,wleybanf@independent.co.uk,Male
Kevina,Coda,kcodag@wordpress.com,Agender
Kala,Roads,kroadsh@wired.com,Female
Amalita,Sultan,asultani@themeforest.net,Female
Uri,Godart,ugodartj@disqus.com,Agender
Raffarty,Hume,rhumek@homestead.com,Male
Anne-corinne,Skerm,askerml@imdb.com,Female
Robyn,Cesconi,rcesconim@devhub.com,Female
Michal,Reavell,mreavelln@csmonitor.com,Female
Stefania,Ashby,sashbyo@wp.com,Female
Lewiss,Manzell,lmanzellp@archive.org,Male
Care,Mesnard,cmesnardq@yellowpages.com,Male
Kale,Olpin,kolpinr@opera.com,Male
Nicki,Wethered,nwethereds@about.com,Female
Jarad,Pirdue,jpirduet@loc.gov,Bigender
Elysha,Enbury,eenburyu@e-recht24.de,Female
Shelba,Reubel,sreubelv@mac.com,Female
Dennie,Loffhead,dloffheadw@wp.com,Female
Elga,McKendry,emckendryx@cloudflare.com,Female
Debora,Grazier,dgraziery@myspace.com,Female
Crin,Sharer,csharerz@theglobeandmail.com,Female
Christa,Challinor,cchallinor10@youtu.be,Female
Cazzie,Rabat,crabat11@sitemeter.com,Male
Brewster,Skip,bskip12@opera.com,Male
Violante,Kilbride,vkilbride13@boston.com,Female
Seumas,Pinwell,spinwell14@yellowpages.com,Male
Kim,Pennings,kpennings15@noaa.gov,Male
Flora,Flawith,fflawith16@ocn.ne.jp,Female
Elmore,Segeswoeth,esegeswoeth17@mit.edu,Male
Darren,Cristou,dcristou18@ovh.net,Male
Myriam,Reihill,mreihill19@telegraph.co.uk,Female
Maximo,Pargiter,mpargiter1a@virginia.edu,Male
Sumner,Bouller,sbouller1b@archive.org,Genderqueer
Winfield,Enser,wenser1c@printfriendly.com,Male
Ethelind,Keary,ekeary1d@biblegateway.com,Female
Melissa,Flipsen,mflipsen1e@yahoo.co.jp,Female
Saloma,Akitt,sakitt1f@yale.edu,Female
Alphard,Bartomieu,abartomieu1g@dmoz.org,Male
Currey,Askham,caskham1h@blogtalkradio.com,Male
Katrina,Tzarkov,ktzarkov1i@netlog.com,Female
Rees,Drowsfield,rdrowsfield1j@exblog.jp,Genderqueer
Blair,Wathell,bwathell1k@cbc.ca,Female
Tonia,Orbine,torbine1l@facebook.com,Female
Cathee,Gentile,cgentile1m@examiner.com,Female
Shanna,Pleace,spleace1n@yellowbook.com,Female
Gradeigh,Yve,gyve1o@addtoany.com,Male
Louisa,Fitzjohn,lfitzjohn1p@oaic.gov.au,Female
Ingra,Stellino,istellino1q@facebook.com,Male
Nico,Biggen,nbiggen1r@github.io,Male
Kary,Scotts,kscotts1s@wiley.com,Female
Cleon,Ledwich,cledwich1t@opensource.org,Male
Renaud,Purple,rpurple1u@jalbum.net,Male
Kiersten,Tague,ktague1v@epa.gov,Female
Ninnetta,Tombleson,ntombleson1w@hostgator.com,Female
Kiley,Boynes,kboynes1x@liveinternet.ru,Female
Odella,Wakely,owakely1y@ning.com,Female
Buckie,Stot,bstot1z@feedburner.com,Male
Gena,Forward,gforward20@ucoz.ru,Female
Gertrude,Mobberley,gmobberley21@patch.com,Female
Brooks,Hayford,bhayford22@usatoday.com,Male
Yves,Methingam,ymethingam23@slideshare.net,Male
Celestina,Lathom,clathom24@thetimes.co.uk,Female
Doralyn,Danniell,ddanniell25@dell.com,Female
Rozina,Kleszinski,rkleszinski26@dmoz.org,Female
Tan,Antoniazzi,tantoniazzi27@bigcartel.com,Male
Devlin,Kencott,dkencott28@ameblo.jp,Male
Husein,Dwyer,hdwyer29@tripadvisor.com,Agender
Mellisa,Grombridge,mgrombridge2a@smh.com.au,Female
Jackie,Konrad,jkonrad2b@youku.com,Male
Elfreda,Lord,elord2c@omniture.com,Female
Harriot,Bartoszewicz,hbartoszewicz2d@cisco.com,Female
Lena,Drogan,ldrogan2e@about.com,Female
Daron,Ubsdell,dubsdell2f@myspace.com,Male
Calv,Leak,cleak2g@slashdot.org,Male
Letta,Mundee,lmundee2h@guardian.co.uk,Female
Batholomew,MacCracken,bmaccracken2i@amazon.co.jp,Male
Windham,Knocker,wknocker2j@boston.com,Male
Paxton,Chessor,pchessor2k@symantec.com,Male
Lilllie,Wale,lwale2l@paypal.com,Female
Christophorus,Altree,caltree2m@pcworld.com,Male
Byran,Hampe,bhampe2n@discuz.net,Male
Page,Alfonzo,palfonzo2o@wordpress.com,Female
Joseph,Rikard,jrikard2p@upenn.edu,Male
Alfi,Jarrette,ajarrette2q@google.fr,Female
Jo ann,Filippyev,jfilippyev2r@prlog.org,Female
Leona,Fabb,lfabb2s@weibo.com,Female
Guthrey,Union,gunion2t@shop-pro.jp,Male
Lulita,Gieraths,lgieraths2u@youtube.com,Female
Demeter,Leaming,dleaming2v@lycos.com,Female
Silas,Bendon,sbendon2w@archive.org,Male
Muffin,Randlesome,mrandlesome2x@dedecms.com,Female
Gail,Pottage,gpottage2y@google.fr,Male
Clementius,Talby,ctalby2z@qq.com,Male
Lowe,Nelthrop,lnelthrop30@google.com.au,Male
Jorgan,Eakin,jeakin31@typepad.com,Agender
Hubert,Peploe,hpeploe32@elegantthemes.com,Male
Frazier,Evetts,fevetts33@cnn.com,Male
Bess,Adam,badam34@senate.gov,Female
Filmer,Tomaszynski,ftomaszynski35@oaic.gov.au,Male
Marlene,Andrzejak,mandrzejak36@ucoz.ru,Female
Haily,Torri,htorri37@xrea.com,Female
Yasmeen,Stibbs,ystibbs38@sakura.ne.jp,Female
Remington,Pering,rpering39@newyorker.com,Male
Buffy,Pleaden,bpleaden3a@cocolog-nifty.com,Female
Dalia,Lafoy,dlafoy3b@smh.com.au,Female
Mela,Calendar,mcalendar3c@ehow.com,Female
Ekaterina,Itzkowicz,eitzkowicz3d@amazon.de,Genderqueer
Freda,Theunissen,ftheunissen3e@goodreads.com,Female
Sloane,Lehr,slehr3f@sphinn.com,Male
Anatola,Giggs,agiggs3g@vinaora.com,Female
Carmela,Vaugham,cvaugham3h@mozilla.com,Female
Afton,Bottini,abottini3i@google.ca,Female
Kirsteni,Josefson,kjosefson3j@kickstarter.com,Genderfluid
Christoper,Hulme,chulme3k@dailymotion.com,Bigender
Danita,Pesticcio,dpesticcio3l@people.com.cn,Female
Dillon,Kinnen,dkinnen3m@wsj.com,Male
Brook,Geeves,bgeeves3n@geocities.jp,Female
Booth,Hodgen,bhodgen3o@pagesperso-orange.fr,Male
Sarge,Dearell,sdearell3p@de.vu,Male
Fidel,Castro,fcastro3q@apple.com,Male
Leshia,Dufoure,ldufoure3r@uiuc.edu,Female
Allin,Bleakley,ableakley3s@miitbeian.gov.cn,Male
Yank,Parriss,yparriss3t@hc360.com,Male
Walt,Harradence,wharradence3u@yale.edu,Male
Chick,Grewe,cgrewe3v@biglobe.ne.jp,Male
Elaina,Bradnum,ebradnum3w@digg.com,Female
Roxanne,Twinn,rtwinn3x@cocolog-nifty.com,Female
Abbye,Livett,alivett3y@gravatar.com,Female
Sonny,Caron,scaron3z@paypal.com,Male
Bordie,Tatlowe,btatlowe40@themeforest.net,Male
Paddy,Colleton,pcolleton41@engadget.com,Male
Tabby,Baleine,tbaleine42@example.com,Female
Leif,Griffe,lgriffe43@amazonaws.com,Male
Hilarius,Galbraeth,hgalbraeth44@paginegialle.it,Male
Lock,Waymont,lwaymont45@state.tx.us,Male
Lewes,Dominici,ldominici46@storify.com,Male
Rozele,Galland,rgalland47@last.fm,Female
Nevins,Goodlip,ngoodlip48@reddit.com,Male
Mackenzie,Gingell,mgingell49@rambler.ru,Bigender
Luci,Chetwynd,lchetwynd4a@princeton.edu,Female
Aldus,Messom,amessom4b@usgs.gov,Polygender
Alphard,Kenewel,akenewel4c@un.org,Male
Ana,Leech,aleech4d@buzzfeed.com,Female
Cyndie,Knapman,cknapman4e@gravatar.com,Female
Rustin,Bensen,rbensen4f@usgs.gov,Male
Kippie,Golding,kgolding4g@ifeng.com,Male
Duffie,Queripel,dqueripel4h@toplist.cz,Male
Babs,Findlater,bfindlater4i@patch.com,Female
Kliment,Johnikin,kjohnikin4j@baidu.com,Male
Anton,Gomby,agomby4k@gizmodo.com,Male
Leigh,Minton,lminton4l@printfriendly.com,Female
Marietta,Cudmore,mcudmore4m@google.com,Male
Ransell,Lemery,rlemery4n@friendfeed.com,Male
Cassey,Hanbury-Brown,chanburybrown4o@weibo.com,Female
Jacinta,Groll,jgroll4p@xing.com,Female
Denyse,Gillam,dgillam4q@nationalgeographic.com,Female
Nico,Gaines,ngaines4r@tripadvisor.com,Male
Dona,Emmet,demmet4s@cnet.com,Female
Gilburt,Tink,gtink4t@pen.io,Male
Zaccaria,Corsham,zcorsham4u@myspace.com,Male
Berrie,Bromley,bbromley4v@purevolume.com,Female
Xever,Izakoff,xizakoff4w@who.int,Bigender
York,Brentnall,ybrentnall4x@bigcartel.com,Male
Ambrosio,Panchin,apanchin4y@123-reg.co.uk,Male
Cliff,Cheak,ccheak4z@sina.com.cn,Male
Charmian,Huggen,chuggen50@google.nl,Female
Doll,Revie,drevie51@hostgator.com,Female
Jenica,Pedlow,jpedlow52@dailymotion.com,Bigender
Godfree,Grelka,ggrelka53@unesco.org,Male
Lotte,Morrill,lmorrill54@ted.com,Female
Ermin,Annott,eannott55@oaic.gov.au,Male
Ambrose,Caldwell,acaldwell56@apple.com,Male
Sheeree,Cona,scona57@mapquest.com,Female
Suzann,Burnand,sburnand58@biglobe.ne.jp,Female
Evey,Wiburn,ewiburn59@umn.edu,Female
Fred,Gerriets,fgerriets5a@independent.co.uk,Non-binary
Haze,Meni,hmeni5b@angelfire.com,Male
Charleen,Warburton,cwarburton5c@newyorker.com,Female
Rock,McKerron,rmckerron5d@eepurl.com,Male
Taddeo,Bergeau,tbergeau5e@networksolutions.com,Genderqueer
Tamarra,Oades,toades5f@intel.com,Female
Augustine,Grigoryov,agrigoryov5g@joomla.org,Female
Vonnie,Trevallion,vtrevallion5h@bloomberg.com,Female
Arri,Spadoni,aspadoni5i@facebook.com,Male
Elga,Pritchett,epritchett5j@nifty.com,Female
Elora,Le Ball,eleball5k@soup.io,Female
Antonie,Bricket,abricket5l@unblog.fr,Female
Elisa,Seligson,eseligson5m@fema.gov,Female
Coral,O'Carrol,cocarrol5n@cnet.com,Female
Devin,Le Barr,dlebarr5o@reverbnation.com,Female
Lacy,Menego,lmenego5p@goo.gl,Female
Lorry,Kimberley,lkimberley5q@meetup.com,Male
Hamil,Bohje,hbohje5r@amazon.co.uk,Male
Susanetta,Keaveny,skeaveny5s@comcast.net,Female
Ravi,Mackett,rmackett5t@moonfruit.com,Male
Jorie,Antonognoli,jantonognoli5u@mlb.com,Female
Alexandre,Sherrington,asherrington5v@fc2.com,Male
Mendy,Lowe,mlowe5w@narod.ru,Male
Ryan,Avrahamian,ravrahamian5x@naver.com,Male
Shelton,Matczak,smatczak5y@posterous.com,Male
Ddene,Meddick,dmeddick5z@blogspot.com,Female
Yorgo,Nother,ynother60@springer.com,Male
Avivah,Guidera,aguidera61@unicef.org,Female
Davidson,Medforth,dmedforth62@kickstarter.com,Male
Aluin,Sollas,asollas63@google.fr,Male
Papageno,Oles,poles64@reverbnation.com,Male
Willdon,Mariot,wmariot65@google.fr,Male
Herbie,Bortoloni,hbortoloni66@craigslist.org,Male
Sabine,Earie,searie67@businessinsider.com,Female
Lucais,Getcliff,lgetcliff68@mayoclinic.com,Polygender
Danice,Precious,dprecious69@nih.gov,Female
Angeline,Yegorov,ayegorov6a@barnesandnoble.com,Female
Darwin,Pammenter,dpammenter6b@pen.io,Male
Sanson,McCoole,smccoole6c@epa.gov,Male
Sansone,Birkett,sbirkett6d@fotki.com,Male
Kylie,Bosson,kbosson6e@homestead.com,Female
Bobbie,Bohills,bbohills6f@miitbeian.gov.cn,Male
Chip,Howorth,choworth6g@ustream.tv,Male
Sonya,Hadlee,shadlee6h@gravatar.com,Female
Giuseppe,Sparke,gsparke6i@netlog.com,Male
Gerri,Squirrell,gsquirrell6j@infoseek.co.jp,Male
Matthaeus,Elsmere,melsmere6k@redcross.org,Male
Jared,Pepi,jpepi6l@artisteer.com,Male
Rutledge,Parsonson,rparsonson6m@yelp.com,Male
Flo,Murra,fmurra6n@arizona.edu,Female
Stan,Haistwell,shaistwell6o@rambler.ru,Male
Dorine,Freshwater,dfreshwater6p@jimdo.com,Female
Maria,Midner,mmidner6q@discuz.net,Female
Florentia,Pawlett,fpawlett6r@cdc.gov,Female
Chan,Barrass,cbarrass6s@freewebs.com,Male
Tedda,Whitta,twhitta6t@scribd.com,Female
Inessa,Dunstone,idunstone6u@salon.com,Female
Silvie,Alwen,salwen6v@kickstarter.com,Non-binary
Zebadiah,Alcoran,zalcoran6w@xing.com,Male
Trisha,Simonini,tsimonini6x@merriam-webster.com,Female
Pauline,Rome,prome6y@fotki.com,Female
Vincenty,Cramp,vcramp6z@dropbox.com,Male
Quill,Gudge,qgudge70@domainmarket.com,Male
Cherice,Trill,ctrill71@abc.net.au,Female
Lurline,Garrould,lgarrould72@hubpages.com,Female
Katerine,Farlham,kfarlham73@altervista.org,Female
Othelia,Dietsche,odietsche74@hao123.com,Female
Viviyan,Longstreet,vlongstreet75@naver.com,Female
Yorgos,Washbrook,ywashbrook76@usatoday.com,Male
Maxy,Sweetnam,msweetnam77@linkedin.com,Male
Roxie,Aulds,raulds78@ftc.gov,Female
Sadie,Hanshawe,shanshawe79@squarespace.com,Female
Kailey,Hoppner,khoppner7a@jugem.jp,Female
Josepha,Piatek,jpiatek7b@blogspot.com,Agender
Karissa,Loving,kloving7c@time.com,Female
Ardelis,Sighard,asighard7d@salon.com,Female
Saunders,Cockram,scockram7e@thetimes.co.uk,Male
Nelly,Jereatt,njereatt7f@netvibes.com,Agender
Jasen,Raubheim,jraubheim7g@chicagotribune.com,Male
Martynne,Brightman,mbrightman7h@eventbrite.com,Female
Cleon,Rawcliff,crawcliff7i@go.com,Male
Sadella,Coen,scoen7j@nydailynews.com,Female
Carina,O'Neil,coneil7k@miibeian.gov.cn,Female
Jeanne,Meiklem,jmeiklem7l@chicagotribune.com,Female
Bax,Fanshaw,bfanshaw7m@microsoft.com,Male
Daniele,Abramino,dabramino7n@csmonitor.com,Female
Thomasin,Belt,tbelt7o@wiley.com,Female
Biron,Duprey,bduprey7p@microsoft.com,Male
Tadeo,Muspratt,tmuspratt7q@usa.gov,Male
Dawn,Wildber,dwildber7r@mysql.com,Female
Ofelia,Spellissy,ospellissy7s@smh.com.au,Female
Salem,Brophy,sbrophy7t@blogger.com,Male
Ferne,Delbergue,fdelbergue7u@sfgate.com,Female
Cyndie,Seegar,cseegar7v@trellian.com,Female
Averill,Suddock,asuddock7w@wordpress.org,Male
Raquela,Skune,rskune7x@w3.org,Female
Hastings,Romagnosi,hromagnosi7y@bbc.co.uk,Agender
Lucas,Opy,lopy7z@comcast.net,Male
Rouvin,Tofts,rtofts80@friendfeed.com,Male
Murdoch,Drohan,mdrohan81@narod.ru,Genderqueer
Alice,Haggerstone,ahaggerstone82@ox.ac.uk,Female
Gloriane,Curlis,gcurlis83@reverbnation.com,Female
Ryan,Lonergan,rlonergan84@hao123.com,Male
Gardiner,Affleck,gaffleck85@sitemeter.com,Male
Silvia,Jerdon,sjerdon86@pagesperso-orange.fr,Female
Baily,Woodley,bwoodley87@netvibes.com,Male
Meryl,Swepstone,mswepstone88@sourceforge.net,Female
Cecily,Fursland,cfursland89@tinyurl.com,Female
Betta,Prandy,bprandy8a@over-blog.com,Female
Shelley,Beebee,sbeebee8b@economist.com,Male
Duky,Cleary,dcleary8c@over-blog.com,Male
Alva,Jeyness,ajeyness8d@unesco.org,Male
Maurizio,McGrudder,mmcgrudder8e@booking.com,Male
Demott,Doey,ddoey8f@youtu.be,Agender
Glendon,Scholz,gscholz8g@bandcamp.com,Male
Marshal,Chomicki,mchomicki8h@odnoklassniki.ru,Male
Nettle,Krysiak,nkrysiak8i@themeforest.net,Female
Rosamund,Fasler,rfasler8j@technorati.com,Female
Brandise,Demageard,bdemageard8k@soundcloud.com,Female
Hersch,Stanesby,hstanesby8l@dropbox.com,Male
Roberta,Cicero,rcicero8m@businesswire.com,Female
Malory,Prujean,mprujean8n@google.co.uk,Female
Carey,Kelf,ckelf8o@umn.edu,Male
Candra,McEnteggart,cmcenteggart8p@1688.com,Female
Ryon,Leggan,rleggan8q@goodreads.com,Male
Amara,Sibille,asibille8r@bigcartel.com,Female
Godfry,Faye,gfaye8s@globo.com,Male
Aubine,Gethen,agethen8t@theatlantic.com,Female
Royce,Mincher,rmincher8u@stumbleupon.com,Male
Kalina,Deme,kdeme8v@livejournal.com,Female
Charmaine,Howlin,chowlin8w@hao123.com,Female
Lari,Greatbanks,lgreatbanks8x@deliciousdays.com,Female
Giralda,Gurr,ggurr8y@netlog.com,Genderfluid
Nicolina,McGow,nmcgow8z@si.edu,Female
Catrina,Stracey,cstracey90@home.pl,Female
Alberto,Pendrid,apendrid91@storify.com,Male
Celeste,Nuccitelli,cnuccitelli92@oracle.com,Female
Uri,Marieton,umarieton93@washingtonpost.com,Male
Dacia,Pigden,dpigden94@hp.com,Female
Tucky,Gouldstone,tgouldstone95@t-online.de,Male
Danny,Peaseman,dpeaseman96@adobe.com,Male
Jordan,Leman,jleman97@netscape.com,Agender
Reider,Areles,rareles98@cloudflare.com,Male
Cherilyn,Bartels,cbartels99@shop-pro.jp,Agender
Paulie,Beardow,pbeardow9a@cargocollective.com,Female
Fax,Ridings,fridings9b@economist.com,Male
Brig,Portman,bportman9c@google.com.br,Male
Tom,Selly,tselly9d@slate.com,Male
Morrie,Itzhayek,mitzhayek9e@sina.com.cn,Male
Debby,Fidal,dfidal9f@hp.com,Female
Carroll,Fulk,cfulk9g@yellowbook.com,Male
Rolf,Ambresin,rambresin9h@businessweek.com,Male
Bart,Stirgess,bstirgess9i@stumbleupon.com,Male
Marlane,Hedde,mhedde9j@blogtalkradio.com,Female
Moise,Ritmeyer,mritmeyer9k@hc360.com,Male
Sherlocke,Huddlestone,shuddlestone9l@va.gov,Male
Rick,De Rye Barrett,rderyebarrett9m@reverbnation.com,Male
Lorin,Dace,ldace9n@so-net.ne.jp,Male
Wilbur,Fotherby,wfotherby9o@reference.com,Male
Alwin,MacAless,amacaless9p@pcworld.com,Male
Koenraad,Margiotta,kmargiotta9q@google.nl,Male
Gifford,Paterno,gpaterno9r@xrea.com,Male
Karrie,Yanez,kyanez9s@exblog.jp,Female
Violet,Indge,vindge9t@tripadvisor.com,Female
Mikael,Banville,mbanville9u@home.pl,Male
Bianka,Keyzor,bkeyzor9v@aboutads.info,Bigender
Enrika,Cairns,ecairns9w@yelp.com,Non-binary
Ulick,Meekings,umeekings9x@ameblo.jp,Male
Joel,Merrigans,jmerrigans9y@prnewswire.com,Male
Caron,Haborn,chaborn9z@aol.com,Female
Grannie,Florentine,gflorentinea0@godaddy.com,Agender
Linzy,Prandini,lprandinia1@mail.ru,Female
Philippine,Size,psizea2@cbc.ca,Female
Susann,Haselup,shaselupa3@ucoz.ru,Female
Nehemiah,Armell,narmella4@shop-pro.jp,Male
Leeanne,Fallowfield,lfallowfielda5@biblegateway.com,Female
Mommy,Moralis,mmoralisa6@oaic.gov.au,Female
Belvia,Ortega,bortegaa7@deviantart.com,Female
Mayor,Banasiak,mbanasiaka8@pagesperso-orange.fr,Genderfluid
Blakelee,Laugherane,blaugheranea9@ucsd.edu,Female
Gerladina,Ingilson,gingilsonaa@narod.ru,Female
Rowney,Solomonides,rsolomonidesab@umich.edu,Male
Barbra,O'Heffernan,boheffernanac@nationalgeographic.com,Bigender
Elke,Docker,edockerad@state.gov,Polygender
Leonard,Blinman,lblinmanae@twitter.com,Genderqueer
Kayley,Tooker,ktookeraf@arstechnica.com,Female
Northrup,Morais,nmoraisag@desdev.cn,Male
Del,Bullan,dbullanah@etsy.com,Agender
Mort,Claiton,mclaitonai@apache.org,Male
Clare,Tuvey,ctuveyaj@biblegateway.com,Female
Nollie,Hayton,nhaytonak@unblog.fr,Male
Fenelia,Meiningen,fmeiningenal@facebook.com,Female
Padget,von Hagt,pvonhagtam@friendfeed.com,Male
Brade,Nolton,bnoltonan@creativecommons.org,Male
Giacopo,Fuentes,gfuentesao@ning.com,Male
Kaycee,MacIllrick,kmacillrickap@blogtalkradio.com,Female
Delcina,Janny,djannyaq@dedecms.com,Female
Joseito,Haucke,jhauckear@wikia.com,Male
Johnny,Sudlow,jsudlowas@linkedin.com,Male
Tull,Bridgement,tbridgementat@huffingtonpost.com,Male
Shannon,Staniford,sstanifordau@trellian.com,Male
Madge,Miguel,mmiguelav@trellian.com,Bigender
Lilas,Shorten,lshortenaw@fc2.com,Female
Toni,Rhead,trheadax@domainmarket.com,Female
Rubin,Coppard,rcopparday@gravatar.com,Male
Dominik,Minci,dminciaz@ycombinator.com,Male
Birch,Dominique,bdominiqueb0@slate.com,Male
Celene,Hoggan,chogganb1@plala.or.jp,Female
Malanie,Maha,mmahab2@marketwatch.com,Female
Zora,Harston,zharstonb3@msu.edu,Female
Carver,Fremantle,cfremantleb4@wikipedia.org,Male
Brandy,Weare,bweareb5@posterous.com,Male
Rockie,Tiddeman,rtiddemanb6@kickstarter.com,Polygender
Conrad,Shrubshall,cshrubshallb7@alexa.com,Male
Hollis,Slemming,hslemmingb8@auda.org.au,Male
Elsworth,Dockreay,edockreayb9@ucla.edu,Male
Allayne,Brunsden,abrunsdenba@lulu.com,Male
Ingelbert,Seeds,iseedsbb@comsenz.com,Male
Ettore,Slaughter,eslaughterbc@wix.com,Male
Morgun,Siggins,msigginsbd@biblegateway.com,Male
Mireille,Kilbee,mkilbeebe@berkeley.edu,Female
Vite,Fullick,vfullickbf@google.co.jp,Male
Annabell,Noblett,anoblettbg@craigslist.org,Female
Ewell,Pargeter,epargeterbh@free.fr,Male
Neils,Cowin,ncowinbi@google.com.au,Male
Sandy,Luce,slucebj@imgur.com,Male
Allis,Axleby,aaxlebybk@ft.com,Polygender
Bil,Andriveaux,bandriveauxbl@eepurl.com,Male
Marilee,Mogridge,mmogridgebm@yellowbook.com,Female
Clive,Polycote,cpolycotebn@google.cn,Male
Katerine,Bartrum,kbartrumbo@unblog.fr,Female
Falito,Robbie,frobbiebp@csmonitor.com,Male
Fae,Loggie,floggiebq@hhs.gov,Female
Paulie,Wyley,pwyleybr@rambler.ru,Male
Jarvis,Anscott,janscottbs@dot.gov,Male
Abdel,Wombwell,awombwellbt@istockphoto.com,Male
Skip,Monshall,smonshallbu@google.it,Male
Seamus,Van,svanbv@house.gov,Non-binary
Ashlan,Ousby,aousbybw@paginegialle.it,Female
Waylen,Mackison,wmackisonbx@a8.net,Male
Odille,Rodenborch,orodenborchby@biglobe.ne.jp,Female
Lutero,Desport,ldesportbz@histats.com,Male
Rosita,Fozard,rfozardc0@e-recht24.de,Female
Oona,Rogans,orogansc1@usgs.gov,Female
Denny,Falkner,dfalknerc2@blinklist.com,Male
Isador,Lauridsen,ilauridsenc3@admin.ch,Male
Ahmed,January,ajanuaryc4@amazonaws.com,Male
Zola,Frean,zfreanc5@go.com,Female
Cortie,Brimmicombe,cbrimmicombec6@rediff.com,Male
Chrisse,Hawe,chawec7@icq.com,Male
Linnell,Grew,lgrewc8@barnesandnoble.com,Female
Hagen,Cicconetti,hcicconettic9@booking.com,Male
Kendra,Ziemecki,kziemeckica@abc.net.au,Female
Ilario,Winsiowiecki,iwinsiowieckicb@jimdo.com,Male
Craig,Schneider,cschneidercc@shutterfly.com,Male
Melinde,Genny,mgennycd@cisco.com,Female
Dominique,Marcam,dmarcamce@github.io,Female
Charline,Skouling,cskoulingcf@dyndns.org,Female
Kristien,Jaime,kjaimecg@nsw.gov.au,Non-binary
Clim,Bratcher,cbratcherch@ask.com,Male
Sylvan,Levens,slevensci@zdnet.com,Male
Marcie,Stapylton,mstapyltoncj@typepad.com,Female
Maris,Hourston,mhourstonck@howstuffworks.com,Female
Sloan,Revill,srevillcl@cisco.com,Male
Toby,Cassimer,tcassimercm@paginegialle.it,Female
Padget,Tinsey,ptinseycn@w3.org,Male
Dmitri,Pierrepont,dpierrepontco@soup.io,Male
Merwin,Jearum,mjearumcp@booking.com,Male
Dani,Keers,dkeerscq@imgur.com,Male
Lars,Cotsford,lcotsfordcr@bloglines.com,Male
Milo,Cordero,mcorderocs@phpbb.com,Male
Nicolea,Epinoy,nepinoyct@phpbb.com,Agender
Warren,Bakewell,wbakewellcu@ehow.com,Male
Rudolfo,Bunhill,rbunhillcv@prnewswire.com,Male
Tabina,Dargie,tdargiecw@usgs.gov,Non-binary
Cory,Kneeland,ckneelandcx@php.net,Female
Dene,Casol,dcasolcy@home.pl,Male
Libbey,Whitton,lwhittoncz@sun.com,Female
Chancey,Rountree,crountreed0@ycombinator.com,Male
Silvano,Burdell,sburdelld1@xing.com,Genderqueer
Osbourn,Tapenden,otapendend2@economist.com,Male
Teddi,Broomer,tbroomerd3@pen.io,Female
Sutton,Galliard,sgalliardd4@booking.com,Male
Lionello,Capun,lcapund5@loc.gov,Male
Corbet,Clemes,cclemesd6@mit.edu,Male
Bridie,Moody,bmoodyd7@ovh.net,Female
Pauline,Casine,pcasined8@ca.gov,Female
Pepillo,Meaker,pmeakerd9@japanpost.jp,Male
Kane,Budleigh,kbudleighda@blogspot.com,Bigender
Christen,Shorey,cshoreydb@who.int,Female
Nicola,Wanstall,nwanstalldc@blogger.com,Male
Tilly,Lockhead,tlockheaddd@huffingtonpost.com,Bigender
Beulah,Annis,bannisde@mit.edu,Female
Ruddy,Waldocke,rwaldockedf@buzzfeed.com,Male
Tad,Forten,tfortendg@biblegateway.com,Genderfluid
Emanuel,Lowndsbrough,elowndsbroughdh@paypal.com,Male
Nolly,Velez,nvelezdi@bbc.co.uk,Male
Dimitry,Broggelli,dbroggellidj@netscape.com,Male
Evey,Clac,eclacdk@sciencedaily.com,Female
Oralee,Copcote,ocopcotedl@netscape.com,Female
Diane,Banbrook,dbanbrookdm@ifeng.com,Female
Tomlin,McRobb,tmcrobbdn@t.co,Male
Margette,Reah,mreahdo@cocolog-nifty.com,Female
Nertie,Odda,noddadp@odnoklassniki.ru,Female
Virgil,Attarge,vattargedq@github.io,Genderfluid
Brose,Mollindinia,bmollindiniadr@indiegogo.com,Male
Doralin,Knight,dknightds@vinaora.com,Genderfluid
Ivonne,Waltering,iwalteringdt@photobucket.com,Female
Deeyn,Steggles,dstegglesdu@amazon.de,Female
Eyde,Abbison,eabbisondv@naver.com,Female
Susanna,Uphill,suphilldw@businesswire.com,Female
Phyllys,Brownbill,pbrownbilldx@seesaa.net,Female
Rafe,Eastridge,reastridgedy@alibaba.com,Male
Donielle,Blakiston,dblakistondz@boston.com,Female
Marcelo,Beggan,mbeggane0@mac.com,Male
Florrie,Bladen,fbladene1@taobao.com,Female
Bren,Dumelow,bdumelowe2@wired.com,Female
Dagny,Dengate,ddengatee3@mayoclinic.com,Male
Hamilton,Pestor,hpestore4@oaic.gov.au,Male
Ellwood,Slarke,eslarkee5@dell.com,Male
Cinderella,Le Cornu,clecornue6@nature.com,Female
Shelby,D'Antoni,sdantonie7@ycombinator.com,Male
Ianthe,Dewett,idewette8@over-blog.com,Female
Kass,Ethington,kethingtone9@cmu.edu,Female
Vale,Searl,vsearlea@goodreads.com,Female
Perren,Flanders,pflanderseb@stumbleupon.com,Male
Deb,Skeeles,dskeelesec@stumbleupon.com,Female
Jaquelyn,Hacking,jhackinged@samsung.com,Genderfluid
Coretta,Tivers,ctiversee@chron.com,Female
Kort,Oganian,koganianef@pcworld.com,Polygender
Bert,Staggs,bstaggseg@rambler.ru,Male
Archambault,Cumbers,acumberseh@dyndns.org,Male
Amos,Espie,aespieei@webeden.co.uk,Male
Ellwood,Winship,ewinshipej@apple.com,Male
Cherilynn,Kennefick,ckennefickek@webnode.com,Bigender
Geraldine,Gheraldi,ggheraldiel@i2i.jp,Female
Ruthi,Colam,rcolamem@skype.com,Female
Oren,Brailsford,obrailsforden@cpanel.net,Male
Nikolai,Supple,nsuppleeo@histats.com,Male
Manon,Creboe,mcreboeep@list-manage.com,Genderqueer
Tawsha,Lacaze,tlacazeeq@ask.com,Female
Sebastiano,Caines,scaineser@squidoo.com,Male
Meriel,Conti,mconties@mit.edu,Bigender
Pennie,Lyngsted,plyngstedet@wufoo.com,Male
Isa,Prozillo,iprozilloeu@constantcontact.com,Genderqueer
Neale,Bryer,nbryerev@indiegogo.com,Male
Gayelord,Fakes,gfakesew@phpbb.com,Male
Jasmin,Royce,jroyceex@epa.gov,Female
Danice,McEneny,dmcenenyey@blog.com,Female
Juliet,Whitehouse,jwhitehouseez@simplemachines.org,Bigender
Darn,Casley,dcasleyf0@myspace.com,Genderqueer
Theresina,Wilfinger,twilfingerf1@deviantart.com,Female
Orelee,Douberday,odouberdayf2@yellowbook.com,Agender
Ciel,Williment,cwillimentf3@microsoft.com,Female
Munroe,Drennan,mdrennanf4@reddit.com,Genderfluid
Shana,Jelfs,sjelfsf5@g.co,Female
Albrecht,Shearn,ashearnf6@tamu.edu,Male
Rica,Woolgar,rwoolgarf7@redcross.org,Female
Farra,Stobart,fstobartf8@boston.com,Female
Mireille,O'Corrane,mocorranef9@statcounter.com,Female
Vitoria,Sapson,vsapsonfa@opensource.org,Female
Pen,Demageard,pdemageardfb@barnesandnoble.com,Female
Kaine,Scandrett,kscandrettfc@people.com.cn,Male
Rinaldo,Esler,reslerfd@upenn.edu,Male
De witt,Zoppo,dzoppofe@webnode.com,Agender
Early,Vedenichev,evedenichevff@gov.uk,Male
Hube,Jeanesson,hjeanessonfg@businessweek.com,Male
Sharai,Rouff,sroufffh@mit.edu,Female
Maggi,Chadwin,mchadwinfi@acquirethisname.com,Female
Julina,Siaskowski,jsiaskowskifj@arstechnica.com,Female
Cornall,Collier,ccollierfk@ft.com,Male
Benjy,Condell,bcondellfl@merriam-webster.com,Genderqueer
Reidar,McGuiney,rmcguineyfm@a8.net,Male
Lani,McMinn,lmcminnfn@va.gov,Female
Bunni,Perllman,bperllmanfo@typepad.com,Female
Hammad,Pyecroft,hpyecroftfp@bloomberg.com,Male
Even,Clace,eclacefq@cisco.com,Male
Agatha,Fosken,afoskenfr@yolasite.com,Female
Brooks,Chalcot,bchalcotfs@tamu.edu,Female
Sybila,M'Quharg,smquhargft@wired.com,Female
Nicolette,Guilfoyle,nguilfoylefu@businessinsider.com,Female
Bernetta,Jacquest,bjacquestfv@cisco.com,Female
Leicester,Foden,lfodenfw@biblegateway.com,Male
Esme,Major,emajorfx@youku.com,Male
Bradney,Rickcord,brickcordfy@mail.ru,Male
Lira,Doppler,ldopplerfz@japanpost.jp,Female
Miller,McAlroy,mmcalroyg0@prlog.org,Male
Marika,Wolfindale,mwolfindaleg1@trellian.com,Female
Calley,Tedstone,ctedstoneg2@xinhuanet.com,Female
Brittni,Salzburg,bsalzburgg3@clickbank.net,Female
Sidonnie,Easter,seasterg4@shinystat.com,Female
Evania,Penritt,epenrittg5@princeton.edu,Female
Rudolph,Vel,rvelg6@hud.gov,Male
Aviva,Choppen,achoppeng7@unicef.org,Female
Clem,Dunbobin,cdunbobing8@blogs.com,Female
Yancey,McNeilly,ymcneillyg9@soup.io,Male
Mallissa,Klesel,mkleselga@theguardian.com,Female
Lulita,Maddison,lmaddisongb@patch.com,Female
Dave,Jorio,djoriogc@ebay.co.uk,Male
Modestine,Bartoletti,mbartolettigd@sourceforge.net,Female
Annmarie,Ayers,aayersge@php.net,Female
Misty,Grinaugh,mgrinaughgf@domainmarket.com,Female
Bil,McCallum,bmccallumgg@e-recht24.de,Male
Silvie,Sidary,ssidarygh@icq.com,Female
Thorstein,Meconi,tmeconigi@dailymail.co.uk,Male
Maxie,Gumm,mgummgj@businessweek.com,Female
Jessa,Townshend,jtownshendgk@sbwire.com,Female
Avery,Perdue,aperduegl@marriott.com,Male
Nicki,Jeakins,njeakinsgm@engadget.com,Female
Padget,Millhouse,pmillhousegn@fda.gov,Male
Ernie,Inkin,einkingo@sakura.ne.jp,Male
Hana,Nesterov,hnesterovgp@histats.com,Female
Leesa,Conville,lconvillegq@theatlantic.com,Female
George,Glasard,gglasardgr@topsy.com,Female
Andros,Clendening,aclendeninggs@fastcompany.com,Male
Dana,Fancy,dfancygt@mayoclinic.com,Male
Sloane,Brandoni,sbrandonigu@jalbum.net,Male
Hurleigh,Yeell,hyeellgv@cyberchimps.com,Male
Lyell,Rosbottom,lrosbottomgw@jigsy.com,Male
Rufus,Tertre,rtertregx@alibaba.com,Male
Jada,Zmitrichenko,jzmitrichenkogy@wikipedia.org,Female
Delores,Iashvili,diashviligz@sbwire.com,Female
Lillis,Larroway,llarrowayh0@nasa.gov,Female
Pascale,Klaggeman,pklaggemanh1@4shared.com,Male
Aurelie,Royan,aroyanh2@cdbaby.com,Female
Alfreda,Knowler,aknowlerh3@friendfeed.com,Female
Garvey,Ranson,gransonh4@woothemes.com,Male
Briano,Carbin,bcarbinh5@macromedia.com,Male
Bria,Peschke,bpeschkeh6@goo.ne.jp,Female
Michelle,Crumbleholme,mcrumbleholmeh7@unesco.org,Female
Molly,Garrelts,mgarreltsh8@comcast.net,Female
Elaine,Tonsley,etonsleyh9@free.fr,Female
Jaine,Mazdon,jmazdonha@example.com,Female
Rickert,Peterffy,rpeterffyhb@apple.com,Male
Charley,Duckitt,cduckitthc@google.com.hk,Male
Marinna,Izchaki,mizchakihd@webnode.com,Female
Coretta,Duplan,cduplanhe@businessweek.com,Female
Pen,Feldstein,pfeldsteinhf@prlog.org,Male
Talyah,Rash,trashhg@seattletimes.com,Female
Carmine,McNern,cmcnernhh@alexa.com,Genderqueer
Tallia,Broom,tbroomhi@privacy.gov.au,Female
Edouard,Lydon,elydonhj@sciencedirect.com,Genderfluid
Kendell,Satyford,ksatyfordhk@joomla.org,Male
Gil,McMonies,gmcmonieshl@wikimedia.org,Male
Thadeus,Hanby,thanbyhm@com.com,Genderqueer
Wendell,Losano,wlosanohn@moonfruit.com,Male
Chrysa,Chidler,cchidlerho@youku.com,Female
Claudina,Salt,csalthp@ning.com,Female
Davine,Plett,dpletthq@symantec.com,Female
Gavin,Madoc-Jones,gmadocjoneshr@mlb.com,Male
Antonius,Sarney,asarneyhs@wordpress.com,Male
Kelbee,Thunders,kthundersht@gizmodo.com,Male
Mason,Grigoriev,mgrigorievhu@wikimedia.org,Male
Phineas,Langforth,plangforthhv@hc360.com,Male
Isa,Madders,imaddershw@mayoclinic.com,Female
Carney,Petriello,cpetriellohx@gravatar.com,Male
Caresse,Karleman,ckarlemanhy@gravatar.com,Female
Simeon,Ducker,sduckerhz@newsvine.com,Male
Claire,Townley,ctownleyi0@example.com,Male
Cecily,Tipperton,ctippertoni1@harvard.edu,Female
Allie,Hawkings,ahawkingsi2@bluehost.com,Female
Bonni,Peachman,bpeachmani3@mayoclinic.com,Bigender
Morten,Earnshaw,mearnshawi4@merriam-webster.com,Male
Alvina,Derx,aderxi5@gizmodo.com,Female
Ulberto,Macguire,umacguirei6@auda.org.au,Male
Daryl,Chawner,dchawneri7@cocolog-nifty.com,Male
Lindie,Whillock,lwhillocki8@e-recht24.de,Female
Reinald,Skeats,rskeatsi9@fastcompany.com,Male
Bobina,Fransemai,bfransemaiia@accuweather.com,Female
Dolf,Wass,dwassib@ehow.com,Non-binary
Isa,Damato,idamatoic@twitpic.com,Male
Cordelia,MacLaverty,cmaclavertyid@soundcloud.com,Female
Sharlene,McUre,smcureie@tiny.cc,Female
Honoria,Hearons,hhearonsif@icio.us,Female
Bree,Feckey,bfeckeyig@uol.com.br,Female
Sergent,Laundon,slaundonih@home.pl,Male
Gilbert,Bucky,gbuckyii@lulu.com,Male
Jock,Pesik,jpesikij@sitemeter.com,Male
Kerry,Borg-Bartolo,kborgbartoloik@qq.com,Male
Collette,Gilsthorpe,cgilsthorpeil@sciencedirect.com,Female
Wallis,Donnellan,wdonnellanim@walmart.com,Female
Joelynn,Bathurst,jbathurstin@usgs.gov,Female
Kala,Malloy,kmalloyio@boston.com,Female
Loleta,Revie,lrevieip@example.com,Female
Virge,Speck,vspeckiq@istockphoto.com,Male
Remington,Elgee,relgeeir@craigslist.org,Male
Peirce,Davidsson,pdavidssonis@epa.gov,Male
Hiram,Eyles,heylesit@reuters.com,Male
Rayner,Crosscombe,rcrosscombeiu@dmoz.org,Male
Cristian,Dawber,cdawberiv@trellian.com,Male
Phoebe,Tinston,ptinstoniw@etsy.com,Female
Halsey,Biggs,hbiggsix@artisteer.com,Male
Conchita,Dussy,cdussyiy@live.com,Female
Margaretha,Ault,maultiz@vistaprint.com,Female
Roger,Sinfield,rsinfieldj0@example.com,Male
Constanta,Bartoszek,cbartoszekj1@senate.gov,Female
Isador,Lode,ilodej2@example.com,Male
Brittany,Crosswaite,bcrosswaitej3@unesco.org,Female
Bud,Tondeur,btondeurj4@ning.com,Male
Bevon,Harriott,bharriottj5@prweb.com,Male
Cheryl,Petrolli,cpetrollij6@meetup.com,Bigender
Sherline,Melendez,smelendezj7@xing.com,Female
Gretta,Clist,gclistj8@google.ru,Female
Kari,Tesche,kteschej9@multiply.com,Female
Emili,Dogerty,edogertyja@wsj.com,Female
Mata,Wantling,mwantlingjb@elegantthemes.com,Male
Thorvald,Sanney,tsanneyjc@sfgate.com,Male
Suzanne,Keddle,skeddlejd@elegantthemes.com,Female
Asia,Andrea,aandreaje@devhub.com,Female
Douglas,Linacre,dlinacrejf@patch.com,Male
Franni,Malkie,fmalkiejg@xrea.com,Female
Josie,Shapter,jshapterjh@parallels.com,Female
Ameline,Touson,atousonji@macromedia.com,Female
Eulalie,Tolliday,etollidayjj@arstechnica.com,Agender
Adina,Frampton,aframptonjk@prlog.org,Female
Natka,Dyott,ndyottjl@bing.com,Female
Ranna,Boase,rboasejm@thetimes.co.uk,Female
Bordy,Klulisek,bklulisekjn@loc.gov,Male
Correna,Rake,crakejo@nature.com,Female
Mallory,Roze,mrozejp@who.int,Male
Michelina,Enderlein,menderleinjq@google.co.uk,Female
Ibrahim,Tuckie,ituckiejr@etsy.com,Male
Babs,Kiessel,bkiesseljs@baidu.com,Female
Tandi,Lardnar,tlardnarjt@infoseek.co.jp,Female
Norby,Thornbarrow,nthornbarrowju@twitpic.com,Male
Yoko,Peggs,ypeggsjv@wikia.com,Female
Tan,Carlsen,tcarlsenjw@phpbb.com,Male
Eloisa,Yeaman,eyeamanjx@i2i.jp,Polygender
Joey,Stapels,jstapelsjy@noaa.gov,Male
Babita,Tash,btashjz@livejournal.com,Female
Cathrine,Ruggieri,cruggierik0@blogspot.com,Female
Darryl,Liebermann,dliebermannk1@themeforest.net,Male
Kenny,Shellcross,kshellcrossk2@odnoklassniki.ru,Male
Kyla,Skivington,kskivingtonk3@about.com,Female
Alyce,Medcalf,amedcalfk4@hibu.com,Female
Ali,Olivelli,aolivellik5@domainmarket.com,Female
Darya,Jeratt,djerattk6@hp.com,Female
Gilemette,Verity,gverityk7@51.la,Female
Grantham,Spears,gspearsk8@techcrunch.com,Male
Don,Zoane,dzoanek9@comcast.net,Male
Shaun,Ahmed,sahmedka@army.mil,Male
Derry,Andrichuk,dandrichukkb@constantcontact.com,Male
Walt,Dani,wdanikc@technorati.com,Male
Job,Glasser,jglasserkd@sakura.ne.jp,Male
Ariadne,Pixton,apixtonke@gmpg.org,Female
Yuri,Badland,ybadlandkf@drupal.org,Male
Cyndi,Sparrowhawk,csparrowhawkkg@artisteer.com,Female
Roberto,Dockwra,rdockwrakh@netlog.com,Male
Prentice,Yoseloff,pyoseloffki@microsoft.com,Male
Stanly,Duny,sdunykj@unc.edu,Male
Antonia,Jori,ajorikk@rambler.ru,Female
Bjorn,Covey,bcoveykl@comsenz.com,Male
Kean,Billitteri,kbillitterikm@forbes.com,Male
Barnaby,Bolus,bboluskn@ehow.com,Male
Sheelah,Hirthe,shirtheko@pbs.org,Female
Debee,Dwyr,ddwyrkp@sohu.com,Female
Bay,Braisted,bbraistedkq@webmd.com,Male
Jarvis,Creswell,jcreswellkr@mapy.cz,Non-binary
Foster,Trounce,ftrounceks@ehow.com,Male
Juliet,Flintoff,jflintoffkt@wiley.com,Non-binary
Dov,Caselli,dcaselliku@soundcloud.com,Male
Krista,Polini,kpolinikv@google.com.br,Female
Marjorie,Maryska,mmaryskakw@theguardian.com,Female
Reine,Kernley,rkernleykx@mail.ru,Female
Norman,Munro,nmunroky@virginia.edu,Male
Lilia,Karppi,lkarppikz@github.com,Female
Terrel,Takis,ttakisl0@youku.com,Male
Barr,Ibarra,bibarral1@drupal.org,Male
Dell,Penhaleurack,dpenhaleurackl2@icq.com,Female
Waring,Meert,wmeertl3@ucoz.com,Male
Raul,Wooff,rwooffl4@sakura.ne.jp,Male
Sofie,Heinreich,sheinreichl5@imgur.com,Female
Maryrose,Millar,mmillarl6@mozilla.org,Female
Sawyere,Bewlay,sbewlayl7@salon.com,Male
Willette,Campanelle,wcampanellel8@ebay.com,Female
Dave,Ogborne,dogbornel9@answers.com,Male
Drusy,Inker,dinkerla@indiatimes.com,Female
Bastian,Hofler,bhoflerlb@ow.ly,Male
Emlyn,Codlin,ecodlinlc@redcross.org,Genderqueer
Philipa,Molineaux,pmolineauxld@hc360.com,Female
Shanta,Mounter,smounterle@smh.com.au,Female
Ichabod,De Vries,idevrieslf@purevolume.com,Male
Frieda,Searsby,fsearsbylg@un.org,Female
Odo,Demeza,odemezalh@mashable.com,Male
Remington,Jedraszek,rjedraszekli@pbs.org,Male
Michel,Sanderson,msandersonlj@cbc.ca,Male
Zerk,Offner,zoffnerlk@discuz.net,Male
Jermain,Chatterton,jchattertonll@jigsy.com,Non-binary
Edward,Callaway,ecallawaylm@acquirethisname.com,Male
Fairleigh,Galloway,fgallowayln@unblog.fr,Male
Emmett,Quantrill,equantrilllo@opera.com,Genderfluid
Benji,Cesaric,bcesariclp@virginia.edu,Male
Christie,Hassekl,chassekllq@indiegogo.com,Male
Austina,Preskett,apreskettlr@oaic.gov.au,Female
Bamby,Chazerand,bchazerandls@blogtalkradio.com,Female
Cilka,Downs,cdownslt@jalbum.net,Female
Milka,Coytes,mcoyteslu@liveinternet.ru,Female
Val,Howgate,vhowgatelv@nifty.com,Male
Corene,Hindmore,chindmorelw@guardian.co.uk,Female
Worthy,Glason,wglasonlx@ucla.edu,Genderqueer
Raychel,Battaille,rbattaillely@senate.gov,Female
Adolphe,Eick,aeicklz@google.nl,Male
Avril,Ackland,aacklandm0@ezinearticles.com,Female
Sven,Firebrace,sfirebracem1@nps.gov,Male
Deborah,Vickers,dvickersm2@businessinsider.com,Female
Ossie,Witcher,owitcherm3@addthis.com,Genderfluid
Silvan,Morison,smorisonm4@gmpg.org,Male
Lani,Mattinson,lmattinsonm5@mozilla.org,Female
Robin,Cadell,rcadellm6@cam.ac.uk,Male
Forest,Laurance,flaurancem7@whitehouse.gov,Male
Ninon,Guile,nguilem8@jigsy.com,Female
Natalina,Harrison,nharrisonm9@wordpress.org,Female
Gradey,Gullick,ggullickma@google.ru,Male
Ring,Roche,rrochemb@xing.com,Male
Ronny,Franciskiewicz,rfranciskiewiczmc@rediff.com,Male
Tudor,Chicchetto,tchicchettomd@apache.org,Male
Dael,Noad,dnoadme@ustream.tv,Female
Lindsey,Gorst,lgorstmf@cnn.com,Female
Maxie,Kirsz,mkirszmg@oakley.com,Female
Si,Kleinert,skleinertmh@dropbox.com,Male
Mitch,Paszek,mpaszekmi@intel.com,Male
Maybelle,De Banke,mdebankemj@mayoclinic.com,Female
Parke,Alvarez,palvarezmk@upenn.edu,Non-binary
Olympia,Mulloch,omullochml@usa.gov,Female
Blondy,Readwin,breadwinmm@mtv.com,Genderfluid
Iain,Konig,ikonigmn@mozilla.org,Male
Shay,Fragino,sfraginomo@github.io,Female
Jacqui,Champney,jchampneymp@spotify.com,Female
April,Eede,aeedemq@house.gov,Non-binary
Alexandre,Blanning,ablanningmr@acquirethisname.com,Male
Fredrika,Deane,fdeanems@360.cn,Female
Nicolai,Sanson,nsansonmt@uiuc.edu,Male
Ryon,Ramsbotham,rramsbothammu@foxnews.com,Male
Keelia,Tritten,ktrittenmv@wikimedia.org,Female
Paolina,Leidl,pleidlmw@miitbeian.gov.cn,Polygender
Georgine,Kilford,gkilfordmx@netscape.com,Female
Charmine,Dorwood,cdorwoodmy@eepurl.com,Female
Blake,Martignoni,bmartignonimz@php.net,Male
Ewan,Twidale,etwidalen0@sbwire.com,Male
Jennine,Sember,jsembern1@usda.gov,Female
Justen,Gudeman,jgudemann2@wikipedia.org,Male
Regen,Bracco,rbraccon3@ow.ly,Male
Adelina,Stanlick,astanlickn4@yolasite.com,Female
Leslie,Kasper,lkaspern5@reddit.com,Female
Vickie,Maymond,vmaymondn6@ucoz.ru,Female
Maurizio,McLellan,mmclellann7@redcross.org,Male
Corney,Bassingden,cbassingdenn8@buzzfeed.com,Male
Dav,Lunny,dlunnyn9@godaddy.com,Male
Joana,Dory,jdoryna@oakley.com,Female
Maressa,Valerius,mvaleriusnb@auda.org.au,Female
Rik,Peare,rpearenc@businessinsider.com,Male
Michaelina,Collocott,mcollocottnd@sciencedirect.com,Female
Jeralee,Hallibone,jhallibonene@unc.edu,Female
Richart,Bleasdale,rbleasdalenf@networkadvertising.org,Male
Aurilia,Lalonde,alalondeng@independent.co.uk,Female
Jae,Aucott,jaucottnh@symantec.com,Male
Maighdiln,Verson,mversonni@wordpress.com,Female
Bruis,Skeeles,bskeelesnj@mysql.com,Male
Radcliffe,Bramwich,rbramwichnk@geocities.jp,Male
Goldina,Bockler,gbocklernl@slashdot.org,Female
Helena,Portress,hportressnm@mapquest.com,Female
Wolfgang,Bougourd,wbougourdnn@vistaprint.com,Male
Jerome,Lowey,jloweyno@kickstarter.com,Agender
Antons,Ocheltree,aocheltreenp@census.gov,Non-binary
Norry,Pinsent,npinsentnq@domainmarket.com,Male
Klemens,Braune,kbraunenr@wisc.edu,Male
Byrle,Moncreiffe,bmoncreiffens@newyorker.com,Male
Jerrine,Vasyukhichev,jvasyukhichevnt@mayoclinic.com,Female
Chic,Leicester,cleicesternu@163.com,Bigender
Dougie,Wreford,dwrefordnv@accuweather.com,Male
Bernardo,Culpen,bculpennw@zdnet.com,Male
Danya,Fortye,dfortyenx@slideshare.net,Male
Gideon,Balaam,gbalaamny@statcounter.com,Male
Ferdinand,Caze,fcazenz@aol.com,Male
Rab,Shipway,rshipwayo0@washingtonpost.com,Genderfluid
Derril,Astie,dastieo1@people.com.cn,Male
Tobye,Dimic,tdimico2@forbes.com,Female
Grissel,Keson,gkesono3@google.fr,Female
Jasper,Condict,jcondicto4@opensource.org,Male
Garnet,Horwell,ghorwello5@unc.edu,Bigender
Joscelin,Jickles,jjickleso6@wix.com,Female
Barbara,Moreman,bmoremano7@xing.com,Female
Skell,Roddam,sroddamo8@plala.or.jp,Male
Lucias,Akroyd,lakroydo9@jigsy.com,Male
Eolanda,Chatband,echatbandoa@mapquest.com,Female
Arney,Mandeville,amandevilleob@nifty.com,Male
Tabatha,Iley,tileyoc@blogtalkradio.com,Female
Charley,Eustis,ceustisod@t-online.de,Male
Zorah,Franzonello,zfranzonellooe@buzzfeed.com,Agender
Yvor,Feaveryear,yfeaveryearof@unicef.org,Male
Elliot,Aloshikin,ealoshikinog@sohu.com,Male
Elise,Kerwen,ekerwenoh@usa.gov,Female
Petr,Blofeld,pblofeldoi@miibeian.gov.cn,Male
Becka,Sturrock,bsturrockoj@liveinternet.ru,Female
Welby,Lewtey,wlewteyok@phoca.cz,Male
Richmond,Follows,rfollowsol@stanford.edu,Male
Whitney,Menlow,wmenlowom@harvard.edu,Female
Currey,Geane,cgeaneon@nyu.edu,Male
Gonzalo,Meltetal,gmeltetaloo@amazonaws.com,Male
Dasi,McKague,dmckagueop@deliciousdays.com,Female
Viviyan,Hacker,vhackeroq@vinaora.com,Female
Winnifred,Conelly,wconellyor@unc.edu,Female
Dasha,Finkle,dfinkleos@gravatar.com,Female
Jule,Mioni,jmioniot@blinklist.com,Male
Kurt,McCrackan,kmccrackanou@irs.gov,Male
Daniel,Coenraets,dcoenraetsov@auda.org.au,Male
Chantalle,McCuis,cmccuisow@smh.com.au,Female
Daile,Hassur,dhassurox@archive.org,Female
Hephzibah,Oloman,holomanoy@networkadvertising.org,Female
Jess,Haddacks,jhaddacksoz@odnoklassniki.ru,Female
Aubry,Zanicchi,azanicchip0@slate.com,Female
Quillan,Wise,qwisep1@networksolutions.com,Male
Benedikt,Royste,broystep2@shutterfly.com,Polygender
Diandra,Lean,dleanp3@irs.gov,Female
Raynell,Gwinnett,rgwinnettp4@omniture.com,Genderqueer
Emlynn,Sanches,esanchesp5@seattletimes.com,Genderqueer
Omar,Vondrys,ovondrysp6@wufoo.com,Male
Fiona,Cadreman,fcadremanp7@bloomberg.com,Female
Germaine,Dionis,gdionisp8@un.org,Female
Adam,Cushion,acushionp9@ycombinator.com,Male
Pen,Chard,pchardpa@scribd.com,Female
Constanta,Eltringham,celtringhampb@furl.net,Female
Virginie,Misk,vmiskpc@shareasale.com,Female
Fancie,Hankins,fhankinspd@webnode.com,Female
Rosemarie,Grinnov,rgrinnovpe@uiuc.edu,Female
Roddie,Arpino,rarpinopf@amazon.de,Male
Hillery,Birds,hbirdspg@ehow.com,Male
Charles,Bidgood,cbidgoodph@hubpages.com,Male
Kirstyn,Dikels,kdikelspi@ask.com,Female
Albina,Haps,ahapspj@hubpages.com,Female
Gigi,De Leek,gdeleekpk@123-reg.co.uk,Female
Kathryne,Brame,kbramepl@cocolog-nifty.com,Female
Barbi,Schleswig-Holstein,bschleswigholsteinpm@barnesandnoble.com,Female
Noe,Tessyman,ntessymanpn@cocolog-nifty.com,Male
Barrett,Richter,brichterpo@rakuten.co.jp,Male
Ferdinanda,Hadden,fhaddenpp@eepurl.com,Female
Far,Courtenay,fcourtenaypq@elpais.com,Male
Trixi,Carter,tcarterpr@disqus.com,Female
Kacy,Ryce,kryceps@theguardian.com,Female
Karrie,Taveriner,ktaverinerpt@mac.com,Female
Hillary,Facchini,hfacchinipu@shareasale.com,Genderqueer
Carmelle,Leber,cleberpv@cpanel.net,Female
Torey,Boards,tboardspw@economist.com,Female
Kathrine,Akess,kakesspx@usgs.gov,Female
Cassie,Greiswood,cgreiswoodpy@blog.com,Female
Alison,Fish,afishpz@reddit.com,Female
Washington,Reiner,wreinerq0@sphinn.com,Male
Arlyne,Kenyam,akenyamq1@soup.io,Female
Osborn,Ianno,oiannoq2@ucsd.edu,Male
Fonzie,Kubacek,fkubacekq3@usa.gov,Male
Portia,Paris,pparisq4@pbs.org,Female
Ailbert,Jefferson,ajeffersonq5@flavors.me,Male
Hubert,Spoor,hspoorq6@google.ru,Agender
Angie,Haughin,ahaughinq7@fda.gov,Female
Shanna,Buckthorpe,sbuckthorpeq8@comsenz.com,Female
Rosalynd,Thornley,rthornleyq9@berkeley.edu,Female
Dalt,Lawrance,dlawranceqa@jigsy.com,Male
Patty,Laundon,plaundonqb@networkadvertising.org,Genderqueer
Matelda,Ilott,milottqc@shareasale.com,Female
Keelby,Yerrell,kyerrellqd@cargocollective.com,Male
Tye,Synke,tsynkeqe@wordpress.com,Male
Dunstan,Claus,dclausqf@mozilla.org,Male
Maridel,Domeney,mdomeneyqg@deviantart.com,Female
Lolly,Blakemore,lblakemoreqh@google.co.jp,Female
Lonny,Middis,lmiddisqi@unesco.org,Male
Bidget,Dukelow,bdukelowqj@msu.edu,Female
Lianne,Farland,lfarlandqk@dagondesign.com,Polygender
Sarena,Pollastro,spollastroql@jigsy.com,Agender
Cecilio,Rodenburg,crodenburgqm@salon.com,Male
Farlay,Jackalin,fjackalinqn@ucoz.com,Male
Darbie,End,dendqo@netlog.com,Female
Laurie,Jancik,ljancikqp@nsw.gov.au,Female
Cassi,Gaiter,cgaiterqq@hatena.ne.jp,Agender
Donall,Waberer,dwabererqr@google.co.uk,Genderqueer
Deanna,Tolefree,dtolefreeqs@ameblo.jp,Female
Nola,Wiffen,nwiffenqt@prweb.com,Female
Mallorie,Rumens,mrumensqu@github.io,Female
Kevyn,Flay,kflayqv@seesaa.net,Female
Evangelin,Pring,epringqw@blinklist.com,Female
Jemimah,Waberer,jwabererqx@washington.edu,Female
Sean,Forstall,sforstallqy@kickstarter.com,Female
Aliza,Belderfield,abelderfieldqz@columbia.edu,Bigender
Westbrooke,Disbury,wdisburyr0@miitbeian.gov.cn,Male
Ray,McClelland,rmcclellandr1@xrea.com,Male
Odey,Sprionghall,osprionghallr2@phoca.cz,Male
Deane,Dowry,ddowryr3@twitpic.com,Male
Gothart,Eliff,geliffr4@google.ca,Male
Verine,Sedgeworth,vsedgeworthr5@wikipedia.org,Female
Afton,Powton,apowtonr6@cdc.gov,Female
Flint,Vedenisov,fvedenisovr7@vkontakte.ru,Male
Goraud,Craighead,gcraigheadr8@simplemachines.org,Male
Helaina,Gilstin,hgilstinr9@cam.ac.uk,Female
Moshe,Summerell,msummerellra@ycombinator.com,Male
Mariquilla,Szachniewicz,mszachniewiczrb@youtube.com,Female
Hildy,Nazaret,hnazaretrc@walmart.com,Female
Lacee,Harrild,lharrildrd@google.com.br,Female
Haily,Fernant,hfernantre@yellowpages.com,Male
Roland,Dupre,rduprerf@senate.gov,Male
Onofredo,Sparshatt,osparshattrg@nba.com,Male
Violante,Perrie,vperrierh@wired.com,Female
Florentia,Whitlaw,fwhitlawri@g.co,Female
Dimitry,Siemon,dsiemonrj@fotki.com,Male
Cordell,Bontoft,cbontoftrk@youtube.com,Male
Corabelle,De Gregario,cdegregariorl@epa.gov,Female
Caroljean,Sincock,csincockrm@123-reg.co.uk,Female
Sutherlan,Cholwell,scholwellrn@macromedia.com,Male
Hubert,Goodlad,hgoodladro@google.de,Male
Buiron,Louys,blouysrp@nyu.edu,Male
Roth,Plenderleith,rplenderleithrq@friendfeed.com,Male
Lola,Gloyens,lgloyensrr@theglobeandmail.com,Female
