first_name,last_name,email,gender
Maybelle,Pitcaithly,mpitcaithly0@themeforest.net,Female
Jacob,Polle,jpolle1@ovh.net,Genderfluid
Lindsy,Bisley,lbisley2@reuters.com,Female
Gustaf,Buckleigh,gbuckleigh3@salon.com,Male
Elsbeth,Pritchett,epritchett4@whitehouse.gov,Female
Cash,Lillistone,clillistone5@yolasite.com,Male
Roanna,Keneford,rkeneford6@addtoany.com,Female
Courtnay,Rozanski,crozanski7@sitemeter.com,Female
Udell,Guillot,uguillot8@istockphoto.com,Male
Say,Lyard,slyard9@reddit.com,Male
Horton,Surmeyer,hsurmeyera@a8.net,Male
Chelsae,Britton,cbrittonb@dedecms.com,Female
Marylinda,Dinnis,mdinnisc@miibeian.gov.cn,Female
Leroy,O'Nolan,lonoland@indiegogo.com,Male
Veronika,Motto,vmottoe@comsenz.com,Female
Denice,Bramley,dbramleyf@princeton.edu,Genderqueer
Eamon,Carrane,ecarraneg@hhs.gov,Male
Cobb,Momery,cmomeryh@bbc.co.uk,Male
Cathie,Berrey,cberreyi@tmall.com,Female
Gerrilee,Gittis,ggittisj@sohu.com,Female
Tamma,Michelmore,tmichelmorek@google.com.au,Female
Lydon,Brister,lbristerl@eepurl.com,Male
Hurley,Morrieson,hmorriesonm@instagram.com,Male
Cash,Knyvett,cknyvettn@livejournal.com,Male
Murvyn,Instock,minstocko@meetup.com,Male
Arley,Rainey,araineyp@chronoengine.com,Male
Imogen,Kirby,ikirbyq@exblog.jp,Female
Denna,Beviss,dbevissr@barnesandnoble.com,Non-binary
Cleavland,Levins,clevinss@ask.com,Male
Ivan,Andreix,iandreixt@paypal.com,Male
Fernande,Coultard,fcoultardu@blogger.com,Female
Ainslie,Milazzo,amilazzov@illinois.edu,Female
Fonzie,Whickman,fwhickmanw@redcross.org,Male
Lauryn,Posthill,lposthillx@china.com.cn,Female
Marv,O'Sesnane,mosesnaney@github.com,Male
Bartholomeus,Minerdo,bminerdoz@latimes.com,Male
Tadd,De Filippo,tdefilippo10@netvibes.com,Male
Fanchon,Rawles,frawles11@geocities.jp,Female
Joelle,Pottes,jpottes12@wordpress.com,Non-binary
Christophe,Allnutt,callnutt13@nhs.uk,Male
Brittany,Child,bchild14@clickbank.net,Female
Cacilia,Kershaw,ckershaw15@naver.com,Female
Cassandre,Stoite,cstoite16@about.com,Female
Chiarra,O'Farrell,cofarrell17@ustream.tv,Female
Thaddeus,Ascrofte,tascrofte18@prnewswire.com,Male
Deirdre,Rickasse,drickasse19@last.fm,Female
Ernie,Tackes,etackes1a@weibo.com,Male
Maurita,Pashby,mpashby1b@flickr.com,Female
Lockwood,Peddersen,lpeddersen1c@t.co,Male
Brittney,Bernardoux,bbernardoux1d@cisco.com,Female
Haydon,Jeayes,hjeayes1e@redcross.org,Male
Torr,Kensit,tkensit1f@earthlink.net,Male
Corey,Breinl,cbreinl1g@patch.com,Female
Stepha,Bayfield,sbayfield1h@yellowbook.com,Female
Ashley,Foss,afoss1i@cdc.gov,Male
Tammy,Raison,traison1j@dailymotion.com,Male
Coreen,Luckes,cluckes1k@forbes.com,Female
Linda,Madden,lmadden1l@umn.edu,Female
Brandon,Meryett,bmeryett1m@nhs.uk,Male
Cally,Malloch,cmalloch1n@globo.com,Female
Tansy,Barnbrook,tbarnbrook1o@ezinearticles.com,Non-binary
Louis,Heggman,lheggman1p@bing.com,Agender
Goober,Purches,gpurches1q@ebay.co.uk,Male
Shaylah,Fraczek,sfraczek1r@typepad.com,Genderfluid
Aeriela,Corssen,acorssen1s@intel.com,Female
Dave,Cohen,dcohen1t@accuweather.com,Male
Rebekah,Gouldeby,rgouldeby1u@netvibes.com,Female
Irvine,Haldane,ihaldane1v@vimeo.com,Male
Conney,Hexum,chexum1w@skype.com,Male
Jessika,Penwright,jpenwright1x@ow.ly,Female
Ceciley,Gawith,cgawith1y@histats.com,Female
Constantin,Sancraft,csancraft1z@sbwire.com,Male
Corbett,Vooght,cvooght20@psu.edu,Agender
Tremayne,Senecaux,tsenecaux21@paginegialle.it,Male
Marcelo,Rumbold,mrumbold22@shinystat.com,Male
Pascal,Espina,pespina23@spotify.com,Male
Waiter,Bracknall,wbracknall24@google.com.au,Male
Nora,Ahrendsen,nahrendsen25@telegraph.co.uk,Agender
Kincaid,Eliet,keliet26@msu.edu,Male
Carmel,Valsler,cvalsler27@google.cn,Female
Saunder,Postlewhite,spostlewhite28@g.co,Male
Maxie,Houlden,mhoulden29@posterous.com,Male
Karoly,Flea,kflea2a@live.com,Male
Teddie,McCallister,tmccallister2b@gov.uk,Female
Berkley,Keave,bkeave2c@china.com.cn,Male
Hadria,Haskew,hhaskew2d@lycos.com,Polygender
Vasilis,Dodswell,vdodswell2e@adobe.com,Male
Dehlia,Dallan,ddallan2f@ucoz.ru,Female
Peirce,Golda,pgolda2g@vinaora.com,Male
Horatia,Stocking,hstocking2h@fc2.com,Female
Colline,Pietri,cpietri2i@army.mil,Female
Norbie,Weinham,nweinham2j@dyndns.org,Male
Catlee,Djurisic,cdjurisic2k@nih.gov,Female
Cairistiona,Earney,cearney2l@ameblo.jp,Female
Trudie,Tommen,ttommen2m@indiatimes.com,Female
Bendix,Thominga,bthominga2n@odnoklassniki.ru,Male
Tommy,Skinley,tskinley2o@surveymonkey.com,Female
Rayshell,Ruff,rruff2p@seattletimes.com,Female
Randolf,Dorbin,rdorbin2q@4shared.com,Male
Alec,Deluca,adeluca2r@nydailynews.com,Male
Lenee,Watterson,lwatterson2s@hibu.com,Female
Kean,Vignaux,kvignaux2t@cornell.edu,Male
Arnold,Ozanne,aozanne2u@microsoft.com,Male
Mattie,Jurczyk,mjurczyk2v@nih.gov,Male
Donall,Pinsent,dpinsent2w@aol.com,Male
Cordey,Tinson,ctinson2x@walmart.com,Female
Salli,Dobbin,sdobbin2y@washingtonpost.com,Female
Morganne,Priddey,mpriddey2z@sohu.com,Female
Stillman,Knudsen,sknudsen30@behance.net,Male
Bat,Mozzi,bmozzi31@epa.gov,Male
Debbi,Giamitti,dgiamitti32@webnode.com,Female
Eadith,Fronsek,efronsek33@dyndns.org,Female
Clemmy,Petrazzi,cpetrazzi34@yahoo.com,Female
Alina,Banville,abanville35@squidoo.com,Female
Adara,Braam,abraam36@techcrunch.com,Female
Shayla,Headford,sheadford37@economist.com,Female
Kelcy,Foulgham,kfoulgham38@ftc.gov,Female
Bryanty,Winborn,bwinborn39@businessinsider.com,Male
Philipa,Clell,pclell3a@reuters.com,Female
Lucita,Byass,lbyass3b@delicious.com,Polygender
Maressa,Thornber,mthornber3c@vk.com,Female
Danyette,Mussilli,dmussilli3d@oakley.com,Female
Duffie,Houselee,dhouselee3e@vistaprint.com,Male
Ulrich,Elce,uelce3f@canalblog.com,Genderqueer
Iggy,Olphert,iolphert3g@list-manage.com,Male
Loraine,Luca,lluca3h@ft.com,Female
Gottfried,Perse,gperse3i@odnoklassniki.ru,Male
Shay,Dalgarnowch,sdalgarnowch3j@mysql.com,Genderfluid
Kipp,Scarbarrow,kscarbarrow3k@wired.com,Female
Jorrie,Wayper,jwayper3l@xing.com,Female
Torrin,Kerwick,tkerwick3m@bloglovin.com,Male
Paddy,Webby,pwebby3n@tuttocitta.it,Male
Magdalena,Hallagan,mhallagan3o@harvard.edu,Female
Shay,Truluck,struluck3p@nhs.uk,Male
Rayna,Gilliver,rgilliver3q@plala.or.jp,Female
Jorey,Ding,jding3r@google.it,Female
Sherri,Yven,syven3s@cam.ac.uk,Female
Minnaminnie,Fotheringham,mfotheringham3t@barnesandnoble.com,Female
Dore,Treadgold,dtreadgold3u@twitpic.com,Male
Carey,Strainge,cstrainge3v@theguardian.com,Female
Marje,Doodney,mdoodney3w@disqus.com,Female
Harley,Mansell,hmansell3x@mysql.com,Polygender
Margalit,Gedge,mgedge3y@privacy.gov.au,Female
Cornelle,Radbourne,cradbourne3z@myspace.com,Female
Andonis,Impy,aimpy40@army.mil,Male
Farra,Northcliffe,fnorthcliffe41@timesonline.co.uk,Female
Lesley,Doberer,ldoberer42@goo.gl,Female
Georgi,Choudhury,gchoudhury43@cbc.ca,Male
Ravid,Mattschas,rmattschas44@tripadvisor.com,Male
Del,Robillard,drobillard45@salon.com,Female
Bentley,Asprey,basprey46@hostgator.com,Male
Debora,Canny,dcanny47@loc.gov,Female
Janith,Menendes,jmenendes48@domainmarket.com,Female
Lucais,Linton,llinton49@engadget.com,Male
Tomaso,Nudds,tnudds4a@privacy.gov.au,Male
Dulcine,Iveans,diveans4b@comcast.net,Female
Sioux,Moncey,smoncey4c@reverbnation.com,Female
Brynna,Cullum,bcullum4d@de.vu,Female
Desmund,Celle,dcelle4e@icq.com,Male
Rebecka,Heyfield,rheyfield4f@bloglovin.com,Female
Belva,Davidovicz,bdavidovicz4g@behance.net,Female
Carola,Lestrange,clestrange4h@stanford.edu,Female
Onida,Getch,ogetch4i@chron.com,Female
Muriel,Lydford,mlydford4j@ucla.edu,Female
Claiborn,Hucke,chucke4k@last.fm,Male
Jelene,Edds,jedds4l@wordpress.org,Female
Grantham,Rosenblath,grosenblath4m@google.ru,Male
Aline,Rhodef,arhodef4n@fda.gov,Female
Brittan,Meneyer,bmeneyer4o@yahoo.co.jp,Female
Etienne,Gamlin,egamlin4p@alibaba.com,Male
Jasper,Keenor,jkeenor4q@live.com,Male
Willetta,Burkart,wburkart4r@shutterfly.com,Female
Zondra,Silcock,zsilcock4s@pbs.org,Female
Willabella,Taber,wtaber4t@sitemeter.com,Female
Siward,Cacacie,scacacie4u@timesonline.co.uk,Male
Daloris,Twyford,dtwyford4v@nsw.gov.au,Polygender
Kalina,Percival,kpercival4w@jimdo.com,Female
Ritchie,Booton,rbooton4x@cdbaby.com,Male
Graeme,Morcom,gmorcom4y@twitpic.com,Male
Myrna,Simnett,msimnett4z@cbsnews.com,Genderfluid
Nathanial,Corkett,ncorkett50@over-blog.com,Male
Clotilda,Tilley,ctilley51@hugedomains.com,Agender
Bowie,Dell Casa,bdellcasa52@hostgator.com,Male
Maggy,Burkin,mburkin53@usda.gov,Female
Leonard,Nerger,lnerger54@networksolutions.com,Male
Earl,McCook,emccook55@free.fr,Male
Titus,Wikey,twikey56@unc.edu,Male
Ashleigh,Hanks,ahanks57@slashdot.org,Female
Sholom,Dew,sdew58@howstuffworks.com,Male
Florence,Waldocke,fwaldocke59@google.com.au,Female
Faydra,Tidridge,ftidridge5a@nifty.com,Female
Mortimer,Surgener,msurgener5b@tiny.cc,Bigender
Gerty,Boddice,gboddice5c@mysql.com,Female
Jeannette,Murrigans,jmurrigans5d@hao123.com,Female
Larry,Lazonby,llazonby5e@alexa.com,Male
Sergeant,Krysztowczyk,skrysztowczyk5f@google.ca,Male
Matt,Yirrell,myirrell5g@xinhuanet.com,Male
Tine,Osband,tosband5h@techcrunch.com,Female
Katherina,Kernaghan,kkernaghan5i@facebook.com,Female
Selena,Shelmardine,sshelmardine5j@zdnet.com,Female
Arni,Kupka,akupka5k@dropbox.com,Male
Jereme,Tregunnah,jtregunnah5l@theatlantic.com,Male
Tracey,Picton,tpicton5m@cafepress.com,Female
Kathy,Bellson,kbellson5n@homestead.com,Female
Colline,Washtell,cwashtell5o@state.gov,Female
Vivienne,Aronin,varonin5p@walmart.com,Female
Prentiss,Cianni,pcianni5q@mozilla.com,Male
Tomasine,Cantle,tcantle5r@mail.ru,Female
Mignonne,Mallall,mmallall5s@cnbc.com,Female
Sybil,Fessler,sfessler5t@networksolutions.com,Female
Philbert,Landeg,plandeg5u@woothemes.com,Male
Paulette,Heckner,pheckner5v@biglobe.ne.jp,Female
Carolan,Paddick,cpaddick5w@cam.ac.uk,Female
Roxanna,Skeldon,rskeldon5x@typepad.com,Female
Olga,Billes,obilles5y@tamu.edu,Polygender
Dido,Mellsop,dmellsop5z@cornell.edu,Female
Tome,Kopfer,tkopfer60@google.co.jp,Male
Raymund,Angood,rangood61@slideshare.net,Male
Cortie,Calderbank,ccalderbank62@nbcnews.com,Male
Pace,Ferrari,pferrari63@printfriendly.com,Male
Tedra,Matokhnin,tmatokhnin64@engadget.com,Female
Allyn,Bassilashvili,abassilashvili65@webmd.com,Female
Markus,Brehat,mbrehat66@skyrock.com,Male
Dominik,Matoshin,dmatoshin67@tumblr.com,Male
Dyanne,Arkill,darkill68@spotify.com,Female
Rice,Frill,rfrill69@earthlink.net,Male
Neil,Gwinnell,ngwinnell6a@wsj.com,Male
Elysia,Clapton,eclapton6b@princeton.edu,Female
Lucy,Veltman,lveltman6c@unc.edu,Genderqueer
Anitra,Roark,aroark6d@cnbc.com,Female
Sonnnie,Merkle,smerkle6e@trellian.com,Female
Ede,Chaney,echaney6f@yale.edu,Female
Staford,Bercher,sbercher6g@com.com,Male
Johannah,Crosser,jcrosser6h@yandex.ru,Female
Maude,Ateggart,mateggart6i@sphinn.com,Female
Carlyn,Oldland,coldland6j@creativecommons.org,Polygender
Suzy,Flaxman,sflaxman6k@wisc.edu,Female
Nicky,Wozencroft,nwozencroft6l@census.gov,Male
Ashely,Harkus,aharkus6m@godaddy.com,Female
Corissa,Rogge,crogge6n@telegraph.co.uk,Female
Alvin,Sones,asones6o@sbwire.com,Male
Nicol,McNally,nmcnally6p@mozilla.org,Male
Cairistiona,Farndon,cfarndon6q@vkontakte.ru,Female
Alf,Dubbin,adubbin6r@ox.ac.uk,Polygender
Viviyan,Lumby,vlumby6s@bloglovin.com,Female
Pauly,Picheford,ppicheford6t@cdbaby.com,Male
Bald,Overall,boverall6u@studiopress.com,Male
Saree,Backshill,sbackshill6v@live.com,Female
Lea,Bianco,lbianco6w@scribd.com,Female
Bendicty,Lanning,blanning6x@vkontakte.ru,Male
Jereme,Thomasset,jthomasset6y@sogou.com,Bigender
Ronald,Mountjoy,rmountjoy6z@pbs.org,Male
Vivien,Andrysek,vandrysek70@epa.gov,Female
Harp,Zavattiero,hzavattiero71@yellowbook.com,Male
Xenia,Estevez,xestevez72@sohu.com,Female
Josephina,Stubbe,jstubbe73@w3.org,Bigender
Tina,Gudgeon,tgudgeon74@flickr.com,Female
Ritchie,Seniour,rseniour75@bloglovin.com,Male
Mercie,Godmer,mgodmer76@wp.com,Female
Bettina,Rogerot,brogerot77@indiatimes.com,Agender
Hyacinthie,Laflin,hlaflin78@wiley.com,Female
Titos,Sharpin,tsharpin79@youtube.com,Male
Cirstoforo,Cotilard,ccotilard7a@nasa.gov,Male
Skyler,Roe,sroe7b@zimbio.com,Male
Dionisio,Sellen,dsellen7c@nsw.gov.au,Male
Dagny,Phifer,dphifer7d@cisco.com,Male
Erek,Hook,ehook7e@4shared.com,Male
Farra,Waller-Bridge,fwallerbridge7f@elegantthemes.com,Genderfluid
Jessee,Darell,jdarell7g@etsy.com,Male
Fionnula,Paver,fpaver7h@xinhuanet.com,Female
Mil,Keyte,mkeyte7i@tinypic.com,Female
Feodora,Gambell,fgambell7j@freewebs.com,Female
Ashely,Aingell,aaingell7k@bbb.org,Female
Aldous,Ferreli,aferreli7l@sciencedaily.com,Male
Silvan,Radbond,sradbond7m@eepurl.com,Male
Kristal,Tompsett,ktompsett7n@newyorker.com,Female
Galvan,Dugmore,gdugmore7o@columbia.edu,Male
Deborah,Tidswell,dtidswell7p@github.com,Non-binary
Zelig,Almond,zalmond7q@wsj.com,Male
Rudolf,Dixcee,rdixcee7r@clickbank.net,Male
Waverly,Isham,wisham7s@reuters.com,Male
Aigneis,Daltrey,adaltrey7t@blogs.com,Female
Marijn,Jurasek,mjurasek7u@biglobe.ne.jp,Male
Ferdie,Luesley,fluesley7v@cnbc.com,Male
Grantley,Seviour,gseviour7w@cnet.com,Male
Darice,Quadling,dquadling7x@edublogs.org,Female
Tucky,Dowse,tdowse7y@wix.com,Male
Kassie,Longhirst,klonghirst7z@sitemeter.com,Female
Silva,Behr,sbehr80@symantec.com,Female
Rose,Whannel,rwhannel81@ocn.ne.jp,Female
Jessie,Mordon,jmordon82@drupal.org,Bigender
Lorilee,Fowler,lfowler83@nyu.edu,Female
Coralyn,Watmore,cwatmore84@java.com,Female
Lynnelle,Rheaume,lrheaume85@typepad.com,Female
Charmian,Cheatle,ccheatle86@ycombinator.com,Female
Vassili,Rayne,vrayne87@com.com,Male
Jarred,Whartonby,jwhartonby88@google.de,Male
Paten,Cabbell,pcabbell89@jigsy.com,Polygender
Bobina,O' Quirk,boquirk8a@squarespace.com,Female
Gretna,Headley,gheadley8b@scribd.com,Female
Grove,Matoshin,gmatoshin8c@latimes.com,Genderfluid
Euphemia,Struss,estruss8d@japanpost.jp,Female
Freddy,Signe,fsigne8e@tmall.com,Female
Darn,Duchesne,dduchesne8f@weibo.com,Male
Adrea,Gilham,agilham8g@nytimes.com,Female
Wait,Siddons,wsiddons8h@people.com.cn,Male
Inglebert,Shannahan,ishannahan8i@naver.com,Male
Perl,Manktelow,pmanktelow8j@xrea.com,Female
Salem,McKitterick,smckitterick8k@quantcast.com,Non-binary
Amber,Pow,apow8l@privacy.gov.au,Female
Nathanil,Winsom,nwinsom8m@sitemeter.com,Male
Tiffany,Doorly,tdoorly8n@feedburner.com,Female
Emmett,Forker,eforker8o@mlb.com,Agender
Mercie,Dudden,mdudden8p@pagesperso-orange.fr,Female
Consolata,Mellem,cmellem8q@ihg.com,Female
Jecho,Shirt,jshirt8r@pagesperso-orange.fr,Male
Shena,Saddler,ssaddler8s@altervista.org,Female
Gates,Goom,ggoom8t@economist.com,Female
Morganne,Foldes,mfoldes8u@disqus.com,Female
Jerad,Murie,jmurie8v@bloglines.com,Male
Jerrie,Kubala,jkubala8w@netvibes.com,Male
Moishe,Addie,maddie8x@toplist.cz,Polygender
Imogene,Vivien,ivivien8y@aboutads.info,Female
Trumann,Addekin,taddekin8z@ow.ly,Male
Megan,Deegan,mdeegan90@last.fm,Female
Teddie,Goodright,tgoodright91@soundcloud.com,Female
Trina,Clench,tclench92@home.pl,Female
Rea,Blaisdell,rblaisdell93@github.io,Female
Talia,Swale,tswale94@census.gov,Female
Ansley,Rosenschein,arosenschein95@imdb.com,Female
Darb,Lander,dlander96@timesonline.co.uk,Female
Odessa,Klugel,oklugel97@edublogs.org,Genderfluid
Otes,Ranshaw,oranshaw98@ca.gov,Non-binary
Les,Hemstead,lhemstead99@youku.com,Male
Saunder,Ferrario,sferrario9a@unblog.fr,Male
Sonnie,Condict,scondict9b@blogtalkradio.com,Female
Carey,Elvey,celvey9c@moonfruit.com,Male
Alecia,Ashbe,aashbe9d@macromedia.com,Female
Humberto,Sussex,hsussex9e@chicagotribune.com,Male
Scarlett,Hutten,shutten9f@squidoo.com,Female
Geoffrey,Duddell,gduddell9g@mozilla.org,Male
Cash,Late,clate9h@unicef.org,Male
Husain,Forestall,hforestall9i@aol.com,Male
Gerda,Milby,gmilby9j@liveinternet.ru,Female
Edik,Rideout,erideout9k@vistaprint.com,Male
Ophelia,Balnaves,obalnaves9l@nytimes.com,Female
Janette,Swaby,jswaby9m@google.de,Female
Sonnie,Rawsthorne,srawsthorne9n@nydailynews.com,Male
Jervis,Grigs,jgrigs9o@lycos.com,Male
Merwin,Gerrill,mgerrill9p@ezinearticles.com,Male
Tamas,Laurand,tlaurand9q@comcast.net,Male
Darby,Padgham,dpadgham9r@joomla.org,Male
Xavier,Withrop,xwithrop9s@nyu.edu,Male
Chase,Kelberer,ckelberer9t@japanpost.jp,Male
Carina,Werner,cwerner9u@howstuffworks.com,Female
Amelia,Coushe,acoushe9v@creativecommons.org,Female
Demetria,Dmtrovic,ddmtrovic9w@google.co.jp,Female
Missy,Kellart,mkellart9x@cnet.com,Female
Priscilla,Lowthorpe,plowthorpe9y@ezinearticles.com,Female
Skye,Hanhardt,shanhardt9z@chron.com,Male
Gerrie,Fane,gfanea0@tiny.cc,Male
Randi,Ludovici,rludovicia1@i2i.jp,Female
Moira,Hatrey,mhatreya2@mapy.cz,Female
Emelia,McDirmid,emcdirmida3@prlog.org,Female
Bernadette,Havis,bhavisa4@dailymail.co.uk,Genderqueer
Izak,Licas,ilicasa5@uol.com.br,Male
Delcina,Ugolotti,dugolottia6@ifeng.com,Female
Biron,Tomanek,btomaneka7@eepurl.com,Male
Hazel,Paulo,hpauloa8@smh.com.au,Bigender
Arlyne,Donnachie,adonnachiea9@huffingtonpost.com,Female
Alvira,Fakeley,afakeleyaa@ustream.tv,Female
Sasha,Gellett,sgellettab@marketwatch.com,Female
Fairleigh,McInnes,fmcinnesac@theglobeandmail.com,Polygender
Berry,Labrow,blabrowad@altervista.org,Female
Kimball,Sealove,ksealoveae@soundcloud.com,Male
Nerissa,Richmont,nrichmontaf@geocities.jp,Female
Tore,Oldfield,toldfieldag@wordpress.org,Male
Carola,Blodg,cblodgah@xinhuanet.com,Female
Gretel,Sommerville,gsommervilleai@army.mil,Female
Hiram,Gateland,hgatelandaj@amazon.co.uk,Male
Clerc,Stigers,cstigersak@mayoclinic.com,Male
Cecily,Strugnell,cstrugnellal@google.ru,Agender
Osbourne,Degenhardt,odegenhardtam@hatena.ne.jp,Male
Fraze,Coupe,fcoupean@irs.gov,Male
Moreen,Bonnett,mbonnettao@diigo.com,Female
El,Slowgrove,eslowgroveap@mediafire.com,Male
Buffy,Jecock,bjecockaq@patch.com,Female
Hermione,Biggerdike,hbiggerdikear@prlog.org,Female
Hildagard,Toope,htoopeas@stumbleupon.com,Polygender
Nan,Dowrey,ndowreyat@photobucket.com,Agender
Petronilla,McArte,pmcarteau@prweb.com,Female
Ramona,Selkirk,rselkirkav@typepad.com,Female
Arlen,Turbat,aturbataw@ihg.com,Male
Ardys,Ockleshaw,aockleshawax@howstuffworks.com,Female
Herb,Curgenuer,hcurgenueray@nydailynews.com,Male
Town,Bundock,tbundockaz@purevolume.com,Male
Swen,Viste,svisteb0@google.pl,Male
Vassili,Veasey,vveaseyb1@sfgate.com,Male
Ninette,Aim,naimb2@mediafire.com,Female
Jolene,Dorgan,jdorganb3@t-online.de,Polygender
Chiarra,Pallant,cpallantb4@tmall.com,Female
Carmelia,Whatman,cwhatmanb5@soup.io,Female
Matilda,Scutchings,mscutchingsb6@ebay.co.uk,Female
Frasquito,McKeowon,fmckeowonb7@soundcloud.com,Male
Deeanne,Soles,dsolesb8@weather.com,Genderfluid
Myriam,Mugg,mmuggb9@ibm.com,Female
Pren,Beckett,pbeckettba@hostgator.com,Bigender
Braden,Niccols,bniccolsbb@newyorker.com,Male
Ulberto,Grayston,ugraystonbc@scientificamerican.com,Male
Alvinia,Deller,adellerbd@foxnews.com,Female
Vanna,Redgrave,vredgravebe@purevolume.com,Female
Salvidor,Boman,sbomanbf@census.gov,Male
Tucker,Record,trecordbg@163.com,Male
Eberto,Rivallant,erivallantbh@ftc.gov,Male
Monah,Abade,mabadebi@columbia.edu,Female
Yves,Hawke,yhawkebj@mashable.com,Male
Dino,Robel,drobelbk@bravesites.com,Male
Christie,Fears,cfearsbl@bandcamp.com,Male
Mitchael,Buckham,mbuckhambm@wordpress.org,Male
Sylvia,Caulfield,scaulfieldbn@about.com,Female
Isiahi,Hame,ihamebo@php.net,Male
Nicholas,Whittuck,nwhittuckbp@yandex.ru,Male
Erik,Gallienne,egalliennebq@4shared.com,Male
Britta,Lobe,blobebr@symantec.com,Female
Hagen,Hutchison,hhutchisonbs@gravatar.com,Male
Maddalena,Clarae,mclaraebt@over-blog.com,Female
Virgilio,Pigrome,vpigromebu@cdc.gov,Male
Con,Plenty,cplentybv@wikipedia.org,Male
Boonie,Gartside,bgartsidebw@mozilla.org,Male
Archaimbaud,Dymock,adymockbx@newsvine.com,Male
Ware,Spataro,wspataroby@slate.com,Male
Odessa,Eldrid,oeldridbz@pen.io,Female
Gibb,Carren,gcarrenc0@moonfruit.com,Male
Mace,Bellison,mbellisonc1@theguardian.com,Male
Sylvan,Crumley,scrumleyc2@privacy.gov.au,Male
Alfy,Agirre,aagirrec3@desdev.cn,Male
Arin,Caffery,acafferyc4@cbc.ca,Male
Daron,Drewet,ddrewetc5@linkedin.com,Female
Ingunna,Solomonides,isolomonidesc6@hao123.com,Female
Wayne,Bantham,wbanthamc7@live.com,Male
Valentin,Hadeke,vhadekec8@scientificamerican.com,Non-binary
Stacey,Aloshikin,saloshikinc9@ox.ac.uk,Female
Frederica,Jouhandeau,fjouhandeauca@ycombinator.com,Female
Micki,Fawdry,mfawdrycb@alexa.com,Female
Muffin,St Ledger,mstledgercc@shutterfly.com,Male
Ysabel,MacLaverty,ymaclavertycd@usda.gov,Female
Lorilee,Mulkerrins,lmulkerrinsce@wordpress.com,Female
Phillip,Dehmel,pdehmelcf@weather.com,Male
Anetta,Duffet,aduffetcg@taobao.com,Female
Uriel,Rubenczyk,urubenczykch@usgs.gov,Male
Arney,Drewe,adreweci@ustream.tv,Non-binary
Krishna,Gerred,kgerredcj@sina.com.cn,Male
Malorie,Duinkerk,mduinkerkck@squarespace.com,Female
Royce,Drackford,rdrackfordcl@imdb.com,Male
Josepha,Gobel,jgobelcm@com.com,Female
Franky,Burley,fburleycn@multiply.com,Female
Tanya,Franceschielli,tfranceschiellico@gizmodo.com,Female
Susette,Carncross,scarncrosscp@ehow.com,Female
Guendolen,Dain,gdaincq@timesonline.co.uk,Female
Lisle,Seemmonds,lseemmondscr@lycos.com,Male
Rustin,Mar,rmarcs@mail.ru,Male
Dexter,Thackray,dthackrayct@imdb.com,Male
Fee,Sneden,fsnedencu@yandex.ru,Male
Hurleigh,Burnitt,hburnittcv@goodreads.com,Male
Adriena,Wibrew,awibrewcw@buzzfeed.com,Bigender
Selina,Lygo,slygocx@linkedin.com,Genderqueer
Tiffany,Shory,tshorycy@acquirethisname.com,Female
Darwin,Fedorchenko,dfedorchenkocz@typepad.com,Male
Melisandra,Dorbon,mdorbond0@shinystat.com,Female
Pru,McCunn,pmccunnd1@oracle.com,Female
Georgeanna,Cadwell,gcadwelld2@xrea.com,Female
Chelsie,Hexham,chexhamd3@phpbb.com,Female
Dom,Goodfellow,dgoodfellowd4@mashable.com,Male
Kacie,Chaudhry,kchaudhryd5@shutterfly.com,Female
Weber,O'Donegan,wodonegand6@blogtalkradio.com,Male
Mohandis,Tevelov,mtevelovd7@aboutads.info,Male
Rebecka,Whipp,rwhippd8@tinyurl.com,Female
Paloma,Orable,porabled9@posterous.com,Female
Alli,Livingston,alivingstonda@dagondesign.com,Female
Jaimie,Reinhard,jreinharddb@harvard.edu,Male
Ephrem,Storry,estorrydc@bandcamp.com,Male
Vassily,Mattholie,vmattholiedd@oracle.com,Male
Danika,Krollmann,dkrollmannde@stumbleupon.com,Female
Lisbeth,Fido,lfidodf@mlb.com,Female
Wilden,Noraway,wnorawaydg@cbsnews.com,Male
Harcourt,Venediktov,hvenediktovdh@shutterfly.com,Male
Shaylynn,Gaylord,sgaylorddi@yandex.ru,Female
Sky,Guyon,sguyondj@ftc.gov,Male
Florance,Clayton,fclaytondk@a8.net,Female
Stirling,Padkin,spadkindl@dion.ne.jp,Male
Winnifred,Bretherick,wbretherickdm@apple.com,Female
Lydia,Tattersfield,ltattersfielddn@mozilla.org,Female
Hurleigh,Peddel,hpeddeldo@canalblog.com,Male
Schuyler,Emsden,semsdendp@multiply.com,Male
Boyce,Camillo,bcamillodq@homestead.com,Male
Hendrick,Mayou,hmayoudr@chron.com,Male
Sandy,Buxcy,sbuxcyds@economist.com,Male
Lydon,Villar,lvillardt@google.it,Male
Chrissy,Klauber,cklauberdu@themeforest.net,Female
Jeanna,Capelle,jcapelledv@huffingtonpost.com,Female
Rhodie,Plimmer,rplimmerdw@desdev.cn,Female
Juline,Carnson,jcarnsondx@washingtonpost.com,Female
Robinetta,Amberg,rambergdy@miibeian.gov.cn,Agender
Vittoria,Ilden,vildendz@redcross.org,Female
Frasco,Fishbourne,ffishbournee0@uol.com.br,Male
Ynez,Bernon,ybernone1@geocities.com,Female
Lynelle,Touzey,ltouzeye2@squidoo.com,Female
Leonerd,Adam,ladame3@nps.gov,Male
Katey,Summerlee,ksummerleee4@ucla.edu,Female
Phil,Sapwell,psapwelle5@umn.edu,Male
Cristen,Pinxton,cpinxtone6@usgs.gov,Agender
Mallorie,Bastie,mbastiee7@dailymotion.com,Female
Julian,O' Hern,joherne8@ed.gov,Male
Griffith,Vasnetsov,gvasnetsove9@soundcloud.com,Polygender
Brnaby,Cobbledick,bcobbledickea@istockphoto.com,Male
Jasmine,Darben,jdarbeneb@columbia.edu,Female
Lowell,Ramme,lrammeec@canalblog.com,Male
Cullen,Ikin,cikined@sun.com,Male
Pincas,Simnell,psimnellee@senate.gov,Male
Gussie,Hynde,ghyndeef@examiner.com,Female
Dahlia,Scocroft,dscocrofteg@telegraph.co.uk,Female
Bryant,Maudlen,bmaudleneh@sourceforge.net,Male
Toddy,Skones,tskonesei@linkedin.com,Non-binary
Loralee,Domelaw,ldomelawej@photobucket.com,Female
Donelle,Burniston,dburnistonek@sfgate.com,Female
Fan,O'Dowgaine,fodowgaineel@pinterest.com,Female
Lucia,Doulton,ldoultonem@paginegialle.it,Female
Saxon,Giraux,sgirauxen@reddit.com,Male
Alexis,Gobert,agoberteo@posterous.com,Male
Hannie,Malling,hmallingep@archive.org,Genderqueer
Josey,Mussared,jmussaredeq@amazon.co.jp,Female
Montgomery,McGrey,mmcgreyer@nationalgeographic.com,Genderqueer
Goldarina,Ingleson,ginglesones@google.de,Female
Fidelio,Farnworth,ffarnworthet@rediff.com,Male
Nicko,Wixey,nwixeyeu@dropbox.com,Male
Stanford,Solloway,ssollowayev@independent.co.uk,Male
Aurea,Noice,anoiceew@seesaa.net,Female
Isabelle,Maly,imalyex@prlog.org,Female
Jereme,Dalziell,jdalzielley@google.co.uk,Male
Herman,Northall,hnorthallez@reference.com,Male
Mead,Cassells,mcassellsf0@unblog.fr,Male
Alessandra,Ellse,aellsef1@theglobeandmail.com,Female
Mathe,Louis,mlouisf2@oakley.com,Male
Delmor,Weins,dweinsf3@flickr.com,Male
Marty,Caldroni,mcaldronif4@hatena.ne.jp,Male
Catrina,Melton,cmeltonf5@statcounter.com,Female
Molli,Look,mlookf6@google.pl,Female
Reuben,Colchett,rcolchettf7@miibeian.gov.cn,Male
Garik,Ghent,gghentf8@cornell.edu,Male
Kaleb,Jowitt,kjowittf9@google.com.br,Male
Kyle,Ozanne,kozannefa@apache.org,Genderfluid
Elnora,Brogden,ebrogdenfb@bbc.co.uk,Female
Brittani,Parminter,bparminterfc@hud.gov,Female
Merry,Broadhead,mbroadheadfd@cdc.gov,Male
Padraic,Chedgey,pchedgeyfe@flavors.me,Male
Maire,Thynn,mthynnff@yandex.ru,Female
Paton,Durrington,pdurringtonfg@abc.net.au,Male
Callean,Cotman,ccotmanfh@yandex.ru,Male
Matthaeus,Dowtry,mdowtryfi@macromedia.com,Male
Todd,Helliker,thellikerfj@jimdo.com,Male
Zachariah,Gunson,zgunsonfk@about.com,Male
Cassandre,Tilney,ctilneyfl@cyberchimps.com,Female
Reinhold,Galloway,rgallowayfm@scribd.com,Agender
Evelina,Caldaro,ecaldarofn@imageshack.us,Female
Klara,McMullen,kmcmullenfo@aboutads.info,Agender
Arther,Placide,aplacidefp@independent.co.uk,Male
Nelli,Seiler,nseilerfq@java.com,Female
Danya,Hathaway,dhathawayfr@prnewswire.com,Male
Sean,Raye,srayefs@microsoft.com,Female
Robbie,Farlowe,rfarloweft@hibu.com,Polygender
Moreen,Cafferky,mcafferkyfu@state.tx.us,Female
Yorgo,Hendren,yhendrenfv@nature.com,Male
Rahel,Rantoull,rrantoullfw@wikimedia.org,Female
Garek,Judge,gjudgefx@paypal.com,Male
Baron,Lauret,blauretfy@angelfire.com,Male
Jessi,Baxill,jbaxillfz@prlog.org,Female
Velma,Ilett,vilettg0@foxnews.com,Female
Bogart,Beazleigh,bbeazleighg1@cargocollective.com,Male
Wilhelm,Eller,wellerg2@ihg.com,Male
Will,Shearmer,wshearmerg3@360.cn,Male
Bibi,Merry,bmerryg4@theatlantic.com,Female
Glynda,Dolden,gdoldeng5@hao123.com,Female
Tiebold,Orta,tortag6@huffingtonpost.com,Male
Jens,Workes,jworkesg7@discuz.net,Male
Avis,Scanterbury,ascanterburyg8@domainmarket.com,Female
Rivi,Striker,rstrikerg9@ibm.com,Female
Maxim,Vaen,mvaenga@craigslist.org,Male
Robinet,Wildblood,rwildbloodgb@admin.ch,Male
Clarie,Geaney,cgeaneygc@comsenz.com,Female
Amandi,Trundell,atrundellgd@mozilla.org,Female
Jody,Ryles,jrylesge@whitehouse.gov,Male
Sigfrid,Rush,srushgf@japanpost.jp,Male
Tedie,Hulle,thullegg@marriott.com,Male
Marylou,McInility,mmcinilitygh@prnewswire.com,Non-binary
Tripp,Yeo,tyeogi@cpanel.net,Male
Les,Cassimer,lcassimergj@wufoo.com,Male
Ulberto,Calverley,ucalverleygk@webeden.co.uk,Male
Uriah,Learoyde,ulearoydegl@goo.ne.jp,Male
Bobbie,Brandon,bbrandongm@yahoo.com,Female
Roger,Airs,rairsgn@usa.gov,Male
Estevan,Punshon,epunshongo@utexas.edu,Male
Norrie,Oxenham,noxenhamgp@telegraph.co.uk,Female
Hugibert,Wyldish,hwyldishgq@clickbank.net,Male
Phillipp,Stevings,pstevingsgr@abc.net.au,Male
Delora,Roser,drosergs@walmart.com,Female
Carlyle,Wilbud,cwilbudgt@xing.com,Male
Illa,Sains,isainsgu@reference.com,Female
Tanney,Jirek,tjirekgv@bing.com,Male
Micky,Evanson,mevansongw@google.com,Female
Christina,Picard,cpicardgx@github.com,Female
Kippar,Ledur,kledurgy@live.com,Male
Terence,Philps,tphilpsgz@apple.com,Male
Ennis,Stait,estaith0@w3.org,Male
Carita,Alywen,calywenh1@etsy.com,Female
Zaneta,Raspel,zraspelh2@prweb.com,Female
Cary,Wicher,cwicherh3@t.co,Male
Chris,Hayford,chayfordh4@hibu.com,Female
Aloisia,Yakubov,ayakubovh5@rakuten.co.jp,Female
Monty,Hair,mhairh6@google.com,Male
Mehetabel,Drover,mdroverh7@theatlantic.com,Non-binary
Kailey,Enriques,kenriquesh8@ovh.net,Female
Rodney,de Guise,rdeguiseh9@vkontakte.ru,Male
Ermengarde,Crombie,ecrombieha@fastcompany.com,Female
Ezri,Straffon,estraffonhb@comcast.net,Male
Philippa,Tebbut,ptebbuthc@xinhuanet.com,Female
Gratiana,Loton,glotonhd@forbes.com,Female
Jard,Gruczka,jgruczkahe@multiply.com,Genderfluid
Gayla,Jachimak,gjachimakhf@japanpost.jp,Bigender
Elaina,Greaser,egreaserhg@ycombinator.com,Female
Ondrea,Fullun,ofullunhh@constantcontact.com,Agender
Tamra,Cumbers,tcumbershi@shop-pro.jp,Female
Norris,Emsley,nemsleyhj@va.gov,Male
Leonardo,Farrent,lfarrenthk@blogs.com,Male
Dawn,Dungey,ddungeyhl@oracle.com,Female
Thoma,Braisher,tbraisherhm@webs.com,Male
Ernst,Jozsika,ejozsikahn@ning.com,Male
Bay,D'eath,bdeathho@webs.com,Male
Dolf,Lelievre,dlelievrehp@harvard.edu,Male
Lurette,Britian,lbritianhq@amazon.co.jp,Genderfluid
Giorgio,Gaffney,ggaffneyhr@smh.com.au,Male
Alon,Oliveti,aolivetihs@va.gov,Bigender
Killie,Duchenne,kduchenneht@auda.org.au,Male
Reinold,Matteuzzi,rmatteuzzihu@google.ru,Male
Roddie,Patterfield,rpatterfieldhv@ning.com,Male
Zeb,Gherardi,zgherardihw@51.la,Male
Aloysia,Dyzart,adyzarthx@cisco.com,Female
Hamil,Elflain,helflainhy@indiegogo.com,Male
Burgess,Gooke,bgookehz@istockphoto.com,Male
Kenna,Aingel,kaingeli0@seattletimes.com,Female
Nadiya,Sego,nsegoi1@walmart.com,Female
Vassily,Bramham,vbramhami2@google.de,Male
Ugo,Sutterby,usutterbyi3@economist.com,Male
Tandie,O' Neligan,toneligani4@cam.ac.uk,Female
Howey,Hannabuss,hhannabussi5@ucoz.com,Male
Shepperd,Southeran,ssoutherani6@redcross.org,Male
Bevon,Melanaphy,bmelanaphyi7@usnews.com,Male
Carolina,Hume,chumei8@globo.com,Female
Orlan,Coldham,ocoldhami9@blog.com,Male
Calley,Gerasch,cgeraschia@huffingtonpost.com,Female
Bunny,Brecken,bbreckenib@boston.com,Female
Teddy,McCallion,tmccallionic@sogou.com,Genderfluid
Delmer,Holcroft,dholcroftid@elpais.com,Male
Bradney,Kerby,bkerbyie@bluehost.com,Male
Corinna,Robinett,crobinettif@blog.com,Female
Pietra,Glader,pgladerig@weebly.com,Female
Philis,Peare,ppeareih@nydailynews.com,Female
Win,Bullingham,wbullinghamii@hc360.com,Male
Kissiah,Boays,kboaysij@soundcloud.com,Female
Melinde,Juarez,mjuarezik@java.com,Female
Gilles,Forber,gforberil@rakuten.co.jp,Male
Sabra,Gronw,sgronwim@hostgator.com,Female
Morrie,Petriello,mpetrielloin@hhs.gov,Male
Bev,Livesay,blivesayio@hao123.com,Male
Clive,Ferronel,cferronelip@imageshack.us,Male
Reinaldos,Filyukov,rfilyukoviq@odnoklassniki.ru,Male
Amata,Cordie,acordieir@4shared.com,Female
Barde,Josskowitz,bjosskowitzis@ovh.net,Male
Mayne,Jordin,mjordinit@chicagotribune.com,Male
Alister,Manna,amannaiu@live.com,Male
Renate,Hampe,rhampeiv@princeton.edu,Female
Wenonah,Darlaston,wdarlastoniw@who.int,Bigender
Gabe,McNee,gmcneeix@chicagotribune.com,Male
Kirby,Cleworth,kcleworthiy@geocities.com,Female
Paula,Pynner,ppynneriz@edublogs.org,Female
Inigo,Parnham,iparnhamj0@freewebs.com,Male
Arturo,Delf,adelfj1@shop-pro.jp,Male
Curtice,Brittan,cbrittanj2@gmpg.org,Male
Duncan,Slisby,dslisbyj3@yellowpages.com,Male
Carine,McKeran,cmckeranj4@stumbleupon.com,Polygender
Melly,Gladdish,mgladdishj5@youtu.be,Non-binary
Sonya,Braker,sbrakerj6@zimbio.com,Female
Mattie,Hainey,mhaineyj7@gmpg.org,Female
Jelene,Dundon,jdundonj8@fda.gov,Female
Bent,Hastwall,bhastwallj9@uiuc.edu,Male
Lorrie,Pettis,lpettisja@wikispaces.com,Female
Vivie,Portchmouth,vportchmouthjb@washington.edu,Agender
Borg,Castan,bcastanjc@webnode.com,Genderqueer
Emmye,Giacopazzi,egiacopazzijd@jimdo.com,Female
Rabbi,Bartoszinski,rbartoszinskije@ucoz.com,Male
Barrett,Mulholland,bmulhollandjf@over-blog.com,Male
Almeda,Emblow,aemblowjg@eepurl.com,Female
Gradeigh,Maryet,gmaryetjh@aboutads.info,Genderqueer
Elsi,Kingswell,ekingswellji@cmu.edu,Female
Claire,Darrigoe,cdarrigoejj@msn.com,Female
Bary,Livingstone,blivingstonejk@pcworld.com,Male
Ruddie,Brimman,rbrimmanjl@nasa.gov,Male
Agata,Arpe,aarpejm@wikipedia.org,Genderfluid
Marijn,Joddins,mjoddinsjn@netlog.com,Male
Ginevra,Ticehurst,gticehurstjo@examiner.com,Female
Ileane,Dabney,idabneyjp@nps.gov,Female
Hew,Rustidge,hrustidgejq@hubpages.com,Male
Lance,Hollidge,lhollidgejr@ed.gov,Male
Danya,Moorrud,dmoorrudjs@icq.com,Genderqueer
Fae,Scoines,fscoinesjt@aol.com,Female
Sergeant,Beswick,sbeswickju@g.co,Male
Romona,Emanuel,remanueljv@state.gov,Female
Tandi,Scothorne,tscothornejw@yolasite.com,Female
Maryanne,Poynor,mpoynorjx@umn.edu,Female
Damon,Ramard,dramardjy@furl.net,Male
Merrilee,Everill,meverilljz@drupal.org,Female
Tyson,Duplan,tduplank0@e-recht24.de,Male
Sofia,Tarbert,starbertk1@tmall.com,Female
Faydra,Fretter,ffretterk2@wp.com,Female
Phineas,Manns,pmannsk3@unesco.org,Male
Nikolaos,Brasher,nbrasherk4@uol.com.br,Male
Lanny,Cohane,lcohanek5@psu.edu,Male
Tammara,Cayley,tcayleyk6@macromedia.com,Female
Olenka,Drewes,odrewesk7@spotify.com,Female
Carroll,Lydden,clyddenk8@vimeo.com,Female
Budd,Algy,balgyk9@etsy.com,Male
Schuyler,Gwilliams,sgwilliamska@deliciousdays.com,Male
Joe,Heakey,jheakeykb@jimdo.com,Male
Marigold,Ghent,mghentkc@ustream.tv,Genderfluid
Drud,Dumbelton,ddumbeltonkd@washington.edu,Male
Dougy,Sabie,dsabieke@forbes.com,Male
Hazel,Bridges,hbridgeskf@skype.com,Male
Jerri,Symones,jsymoneskg@wiley.com,Male
Rowney,Carff,rcarffkh@opensource.org,Male
Carlene,Scanes,cscaneski@a8.net,Female
Homere,Illidge,hillidgekj@chronoengine.com,Male
Phyllys,Lavender,plavenderkk@networksolutions.com,Female
Gill,Croy,gcroykl@cbsnews.com,Female
Kirby,Folk,kfolkkm@exblog.jp,Female
Harmonie,Coleborn,hcolebornkn@google.pl,Female
Anett,Rippon,aripponko@dagondesign.com,Female
Alair,Wrangle,awranglekp@upenn.edu,Non-binary
Elie,Davis,edaviskq@upenn.edu,Non-binary
Consalve,Ladell,cladellkr@sciencedaily.com,Male
Torry,Tesh,tteshks@simplemachines.org,Male
Franciska,Sapsforde,fsapsfordekt@irs.gov,Bigender
Bronnie,Atthowe,batthoweku@acquirethisname.com,Male
Joyce,Piaggia,jpiaggiakv@rambler.ru,Genderfluid
Junie,Pechacek,jpechacekkw@cbc.ca,Female
Morry,Herrieven,mherrievenkx@shutterfly.com,Male
Giovanni,Baston,gbastonky@w3.org,Male
Gayler,Cobain,gcobainkz@mapy.cz,Male
Corey,Loyndon,cloyndonl0@hatena.ne.jp,Male
Keefe,Kelmere,kkelmerel1@surveymonkey.com,Male
Forrester,Klimt,fklimtl2@e-recht24.de,Male
Paulie,Elijahu,pelijahul3@de.vu,Female
Shandie,Hanscomb,shanscombl4@earthlink.net,Female
Kahaleel,Beckenham,kbeckenhaml5@yahoo.com,Male
Shaw,Demer,sdemerl6@jigsy.com,Male
North,Bransby,nbransbyl7@theatlantic.com,Male
Gage,Purslow,gpurslowl8@skype.com,Polygender
Cicely,Screwton,cscrewtonl9@tiny.cc,Female
Jacklyn,Menere,jmenerela@skyrock.com,Female
Vere,Betser,vbetserlb@msu.edu,Female
Noland,Phillipps,nphillippslc@bbc.co.uk,Male
Brodie,Lyenyng,blyenyngld@tripod.com,Male
Verene,Lunnon,vlunnonle@indiegogo.com,Female
Selby,McGuirk,smcguirklf@godaddy.com,Male
Rodrique,Mullard,rmullardlg@is.gd,Male
Felicdad,Labram,flabramlh@myspace.com,Female
Ronna,Bonniface,rbonnifaceli@paginegialle.it,Bigender
Robin,Gligoraci,rgligoracilj@virginia.edu,Female
Whitney,Cholwell,wcholwelllk@furl.net,Female
Keefe,Shreeves,kshreevesll@quantcast.com,Male
Mandie,Kincey,mkinceylm@sitemeter.com,Female
Drucy,Ruegg,drueggln@opera.com,Female
Viva,Rowles,vrowleslo@edublogs.org,Female
Elmore,Findlater,efindlaterlp@wikipedia.org,Male
Kendell,Yann,kyannlq@e-recht24.de,Male
Clayborne,Playden,cplaydenlr@shop-pro.jp,Male
Corby,Hugk,chugkls@timesonline.co.uk,Male
Boote,Livesley,blivesleylt@slashdot.org,Male
Joellyn,Bubbear,jbubbearlu@marketwatch.com,Female
Audrey,Souter,asouterlv@examiner.com,Female
Beverly,Lenz,blenzlw@merriam-webster.com,Female
Lenee,Rolfe,lrolfelx@reddit.com,Female
Anatola,Beaby,abeabyly@ameblo.jp,Female
Devonne,Chalder,dchalderlz@sogou.com,Female
Ricki,Lerohan,rlerohanm0@rambler.ru,Female
Briney,Bastard,bbastardm1@usatoday.com,Female
Rowan,Yelding,ryeldingm2@omniture.com,Male
Melitta,Froom,mfroomm3@scribd.com,Female
Seana,Bavister,sbavisterm4@va.gov,Female
Beatrisa,Seamer,bseamerm5@youtube.com,Non-binary
Herc,Hosier,hhosierm6@netlog.com,Male
Florie,Helmke,fhelmkem7@edublogs.org,Female
Kahaleel,Blas,kblasm8@nps.gov,Male
Natalina,Colborn,ncolbornm9@craigslist.org,Female
Corrianne,Paddock,cpaddockma@merriam-webster.com,Female
Rosanna,Spoure,rspouremb@woothemes.com,Female
Monte,Lammiman,mlammimanmc@tamu.edu,Male
Max,Boltwood,mboltwoodmd@reddit.com,Female
Blair,Antat,bantatme@sohu.com,Female
Wendy,Hafner,whafnermf@amazon.co.uk,Female
Trish,Foulgham,tfoulghammg@pcworld.com,Female
Roseanne,Widdowson,rwiddowsonmh@mysql.com,Female
Frederik,Scrivenor,fscrivenormi@pen.io,Genderfluid
Nicki,Fretson,nfretsonmj@odnoklassniki.ru,Female
Corene,Gimbart,cgimbartmk@illinois.edu,Female
Teena,Pozzo,tpozzoml@mac.com,Female
Rhianna,Flecknell,rflecknellmm@miibeian.gov.cn,Female
Merilyn,Banthorpe,mbanthorpemn@w3.org,Female
Roda,Dunford,rdunfordmo@liveinternet.ru,Female
Starr,Hambidge,shambidgemp@ovh.net,Female
Frannie,Gerritzen,fgerritzenmq@paginegialle.it,Male
Yorke,Rhelton,yrheltonmr@so-net.ne.jp,Male
Whittaker,Joberne,wjobernems@sohu.com,Bigender
Joyce,Schimoni,jschimonimt@boston.com,Agender
Marshall,Streader,mstreadermu@prnewswire.com,Male
Stacee,Legges,sleggesmv@wikimedia.org,Bigender
Peggie,Kearey,pkeareymw@noaa.gov,Female
Nydia,O'Ferris,noferrismx@example.com,Female
Kurtis,Edelmann,kedelmannmy@xing.com,Male
Corabelle,Silliman,csillimanmz@newsvine.com,Female
Wyatt,Davidi,wdavidin0@networksolutions.com,Genderqueer
Dallas,Morison,dmorisonn1@free.fr,Male
Cos,Brandino,cbrandinon2@nyu.edu,Non-binary
Giles,Launchbury,glaunchburyn3@google.com.au,Male
Theadora,Mackrill,tmackrilln4@zimbio.com,Female
Kassia,Iggulden,kigguldenn5@github.com,Female
Ardelis,Florio,aflorion6@archive.org,Non-binary
Myranda,Ellacombe,mellacomben7@ow.ly,Female
Mikel,Guillerman,mguillermann8@sun.com,Male
Brody,Highway,bhighwayn9@salon.com,Male
Ty,Rutley,trutleyna@nbcnews.com,Genderfluid
Boycey,Mairs,bmairsnb@ovh.net,Male
Benoite,Alasdair,balasdairnc@cocolog-nifty.com,Female
Valenka,Missen,vmissennd@springer.com,Female
Goldina,McColl,gmccollne@gmpg.org,Female
Natalie,Merrien,nmerriennf@phpbb.com,Female
Fairfax,Halfhide,fhalfhideng@rakuten.co.jp,Male
Lydon,Cavozzi,lcavozzinh@amazon.de,Male
Caz,Nourse,cnourseni@vistaprint.com,Male
Osmond,MacCaig,omaccaignj@slashdot.org,Male
Gabriela,Davitt,gdavittnk@tinyurl.com,Female
Merline,Flello,mflellonl@washingtonpost.com,Female
Dominique,Galiero,dgalieronm@com.com,Female
Tildie,Pill,tpillnn@qq.com,Female
Celestia,Orleton,corletonno@ucoz.com,Bigender
Tiertza,Bennitt,tbennittnp@bing.com,Female
Bev,Enrigo,benrigonq@uiuc.edu,Male
Alexandros,Filipiak,afilipiaknr@paypal.com,Male
Ulla,Greedyer,ugreedyerns@artisteer.com,Female
Ignacio,Glas,iglasnt@ycombinator.com,Male
Lev,Sebire,lsebirenu@gnu.org,Male
Peterus,Morrison,pmorrisonnv@archive.org,Male
Coleman,Karby,ckarbynw@t-online.de,Male
Phyllis,Spreull,pspreullnx@purevolume.com,Female
Eberhard,Huison,ehuisonny@163.com,Male
Welch,Felkin,wfelkinnz@soundcloud.com,Male
Bertrand,Butterley,bbutterleyo0@list-manage.com,Male
Carney,Hellin,chellino1@blogspot.com,Male
Kelsey,Caunter,kcauntero2@networksolutions.com,Male
Artemis,McBrearty,amcbreartyo3@wikispaces.com,Male
Xenia,Eglington,xeglingtono4@utexas.edu,Female
Ingar,Packman,ipackmano5@plala.or.jp,Male
Vincent,Sorrie,vsorrieo6@prweb.com,Male
Hall,Buxy,hbuxyo7@cyberchimps.com,Male
Nicolette,Ratazzi,nratazzio8@usa.gov,Female
Zeb,Glendining,zglendiningo9@china.com.cn,Male
Lucian,Twinborne,ltwinborneoa@addtoany.com,Male
Richardo,Gallafant,rgallafantob@howstuffworks.com,Male
Liza,Poznanski,lpoznanskioc@ezinearticles.com,Female
Conny,Ollier,collierod@printfriendly.com,Male
Sophia,Briscoe,sbriscoeoe@army.mil,Female
Christa,Betke,cbetkeof@taobao.com,Female
Eleonore,Buttrum,ebuttrumog@independent.co.uk,Genderfluid
Benita,Gutteridge,bgutteridgeoh@simplemachines.org,Female
Nicolina,Stut,nstutoi@zdnet.com,Female
Kasper,Izaks,kizaksoj@odnoklassniki.ru,Male
Lovell,Hartfleet,lhartfleetok@virginia.edu,Male
Kerrin,Dorling,kdorlingol@hatena.ne.jp,Female
Vivi,Georgeou,vgeorgeouom@edublogs.org,Female
Brigitta,Edgehill,bedgehillon@smugmug.com,Female
Goraud,Moyers,gmoyersoo@mozilla.com,Male
Akim,Kitney,akitneyop@berkeley.edu,Male
Benita,Learoyde,blearoydeoq@merriam-webster.com,Non-binary
Kore,Philson,kphilsonor@istockphoto.com,Female
Worthington,Poole,wpooleos@1688.com,Male
Aleksandr,McConaghy,amcconaghyot@google.com,Male
Lars,Kalewe,lkaleweou@networksolutions.com,Male
Klement,Vurley,kvurleyov@earthlink.net,Male
Amii,Drinan,adrinanow@aol.com,Female
Orsola,Hawkshaw,ohawkshawox@tinypic.com,Female
Doreen,Renwick,drenwickoy@wsj.com,Female
Claire,MacCleod,cmaccleodoz@guardian.co.uk,Female
Torrence,Verry,tverryp0@cam.ac.uk,Male
Flory,Lyle,flylep1@aboutads.info,Male
Jareb,Wildbore,jwildborep2@vimeo.com,Male
Janina,Hatchard,jhatchardp3@imgur.com,Female
Jerrie,Boler,jbolerp4@quantcast.com,Female
Malissa,Clac,mclacp5@goo.ne.jp,Female
Ginevra,Ackerley,gackerleyp6@edublogs.org,Female
Powell,Troyes,ptroyesp7@wisc.edu,Male
Cathryn,Beddon,cbeddonp8@1688.com,Female
Brantley,Stockey,bstockeyp9@domainmarket.com,Male
Timofei,Hirtz,thirtzpa@flavors.me,Male
Free,Candish,fcandishpb@hexun.com,Male
Barbara-anne,Rounding,broundingpc@upenn.edu,Female
Care,Zanicchi,czanicchipd@creativecommons.org,Male
Umberto,Dethloff,udethloffpe@t-online.de,Male
Mallorie,Tomicki,mtomickipf@comcast.net,Female
Pieter,Bourthoumieux,pbourthoumieuxpg@constantcontact.com,Male
Kleon,Sutcliffe,ksutcliffeph@soundcloud.com,Male
Cherry,Brasher,cbrasherpi@alexa.com,Female
Miriam,Twelves,mtwelvespj@simplemachines.org,Female
Harlin,Faucett,hfaucettpk@about.com,Bigender
Di,Whittick,dwhittickpl@senate.gov,Polygender
Daphna,Kubista,dkubistapm@topsy.com,Female
Ibrahim,Durgan,idurganpn@unblog.fr,Male
Edi,Hens,ehenspo@nih.gov,Female
Chelsie,Jeannaud,cjeannaudpp@imgur.com,Female
Julietta,Dominick,jdominickpq@dagondesign.com,Female
Cyndy,Corsor,ccorsorpr@unicef.org,Female
Tommy,Beyn,tbeynps@cam.ac.uk,Female
Rustie,Kenny,rkennypt@dailymotion.com,Agender
Damien,Pexton,dpextonpu@e-recht24.de,Male
Sayre,Meak,smeakpv@phpbb.com,Male
Polly,Croney,pcroneypw@jugem.jp,Female
Jacques,Azemar,jazemarpx@networksolutions.com,Male
Rana,Morphet,rmorphetpy@msn.com,Female
Gracie,Goadby,ggoadbypz@addthis.com,Female
Avictor,Brabbins,abrabbinsq0@istockphoto.com,Male
Matilda,Pashe,mpasheq1@example.com,Female
Sarena,Gerrit,sgerritq2@constantcontact.com,Female
Carolyne,Blaney,cblaneyq3@google.ru,Female
Broddy,Anstey,bansteyq4@cafepress.com,Male
Kahaleel,Kendal,kkendalq5@weather.com,Male
Fraze,Rawlinson,frawlinsonq6@cbc.ca,Male
Ilse,Milby,imilbyq7@blinklist.com,Female
Dorena,Southern,dsouthernq8@fema.gov,Female
Olvan,Krugmann,okrugmannq9@constantcontact.com,Male
Aymer,Solley,asolleyqa@princeton.edu,Male
Koo,O'Keaveny,kokeavenyqb@fc2.com,Female
Aleda,Geany,ageanyqc@123-reg.co.uk,Female
Alaster,Cockitt,acockittqd@admin.ch,Male
Sylas,Chowne,schowneqe@netscape.com,Male
Kial,Durrington,kdurringtonqf@toplist.cz,Female
Dyann,McDarmid,dmcdarmidqg@ftc.gov,Female
Noelle,Brittlebank,nbrittlebankqh@scientificamerican.com,Female
Johanna,O'Nions,jonionsqi@umich.edu,Female
Humphrey,Jurgen,hjurgenqj@va.gov,Male
Sterne,Guillford,sguillfordqk@home.pl,Male
Dexter,Brailey,dbraileyql@samsung.com,Male
Mora,Dable,mdableqm@bbc.co.uk,Female
Arvie,Peatheyjohns,apeatheyjohnsqn@hao123.com,Male
Karney,Keningham,kkeninghamqo@aol.com,Male
Cory,Sandland,csandlandqp@cbslocal.com,Male
Bel,Woodthorpe,bwoodthorpeqq@privacy.gov.au,Female
Melvin,Culverhouse,mculverhouseqr@mit.edu,Male
Vale,McGrey,vmcgreyqs@nsw.gov.au,Female
Micky,Yakebovitch,myakebovitchqt@sakura.ne.jp,Male
Margarette,Gibberd,mgibberdqu@addtoany.com,Female
Sumner,Meere,smeereqv@businessinsider.com,Agender
Rey,Polack,rpolackqw@ovh.net,Female
Saleem,Wasling,swaslingqx@hubpages.com,Male
Torrey,Cubin,tcubinqy@cdc.gov,Male
Harald,Elcum,helcumqz@tinyurl.com,Male
Tabb,Eynaud,teynaudr0@illinois.edu,Male
Lucia,Grayling,lgraylingr1@histats.com,Female
Elsie,Constantine,econstantiner2@shareasale.com,Female
Georgina,Hanmore,ghanmorer3@washington.edu,Female
Dierdre,Edlyn,dedlynr4@phpbb.com,Female
Gaylene,Spratt,gsprattr5@example.com,Female
Audrie,Haldin,ahaldinr6@seesaa.net,Female
Dorella,Sygrove,dsygrover7@chron.com,Female
Elyse,Stringman,estringmanr8@vk.com,Genderqueer
Beau,Fieldhouse,bfieldhouser9@blogs.com,Male
Hasty,Brideaux,hbrideauxra@whitehouse.gov,Male
Rosmunda,Tomaskov,rtomaskovrb@angelfire.com,Female
Anstice,Alwen,aalwenrc@miibeian.gov.cn,Female
Ivar,Overy,ioveryrd@vk.com,Male
Conny,Ormistone,cormistonere@blinklist.com,Female
Lars,Portis,lportisrf@ezinearticles.com,Male
Carolina,Hutcheons,chutcheonsrg@vinaora.com,Female
Stephana,Triplow,striplowrh@unicef.org,Female
Morganne,Goodspeed,mgoodspeedri@scribd.com,Female
Ilario,Fedder,ifedderrj@imgur.com,Male
Devlen,Ollive,dolliverk@yahoo.co.jp,Male
Rivkah,Tomaschke,rtomaschkerl@histats.com,Female
Leanor,Massel,lmasselrm@apple.com,Female
Guy,Hymer,ghymerrn@cafepress.com,Male
Gifford,Dudin,gdudinro@mit.edu,Male
Sherri,Casino,scasinorp@dropbox.com,Female
Benedicto,Heinke,bheinkerq@xrea.com,Male
Jamie,Limpenny,jlimpennyrr@wp.com,Male
